date,total_vaccinations,people_fully_vaccinated,total_boosters,people_vaccinated,location,source_url,vaccine
12/14/2020,5,0,0,5,Canada,https://covid19tracker.ca/vaccinationtracker.html,"Moderna, Oxford/AstraZeneca, Pfizer/BioNTech"
12/15/2020,727,0,0,727,Canada,https://covid19tracker.ca/vaccinationtracker.html,"Moderna, Oxford/AstraZeneca, Pfizer/BioNTech"
12/16/2020,3015,0,0,3015,Canada,https://covid19tracker.ca/vaccinationtracker.html,"Moderna, Oxford/AstraZeneca, Pfizer/BioNTech"
12/17/2020,7266,0,0,7266,Canada,https://covid19tracker.ca/vaccinationtracker.html,"Moderna, Oxford/AstraZeneca, Pfizer/BioNTech"
12/18/2020,11274,0,0,11274,Canada,https://covid19tracker.ca/vaccinationtracker.html,"Moderna, Oxford/AstraZeneca, Pfizer/BioNTech"
12/19/2020,12039,0,0,12039,Canada,https://covid19tracker.ca/vaccinationtracker.html,"Moderna, Oxford/AstraZeneca, Pfizer/BioNTech"
12/20/2020,12898,0,0,12898,Canada,https://covid19tracker.ca/vaccinationtracker.html,"Moderna, Oxford/AstraZeneca, Pfizer/BioNTech"
12/21/2020,21039,0,0,21039,Canada,https://covid19tracker.ca/vaccinationtracker.html,"Moderna, Oxford/AstraZeneca, Pfizer/BioNTech"
12/22/2020,26820,0,0,26820,Canada,https://covid19tracker.ca/vaccinationtracker.html,"Moderna, Oxford/AstraZeneca, Pfizer/BioNTech"
12/23/2020,35494,0,0,35494,Canada,https://covid19tracker.ca/vaccinationtracker.html,"Moderna, Oxford/AstraZeneca, Pfizer/BioNTech"
12/24/2020,45689,0,0,45689,Canada,https://covid19tracker.ca/vaccinationtracker.html,"Moderna, Oxford/AstraZeneca, Pfizer/BioNTech"
12/25/2020,48734,0,0,48734,Canada,https://covid19tracker.ca/vaccinationtracker.html,"Moderna, Oxford/AstraZeneca, Pfizer/BioNTech"
12/26/2020,48747,0,0,48747,Canada,https://covid19tracker.ca/vaccinationtracker.html,"Moderna, Oxford/AstraZeneca, Pfizer/BioNTech"
12/27/2020,52356,0,0,52356,Canada,https://covid19tracker.ca/vaccinationtracker.html,"Moderna, Oxford/AstraZeneca, Pfizer/BioNTech"
12/28/2020,58973,0,0,58973,Canada,https://covid19tracker.ca/vaccinationtracker.html,"Moderna, Oxford/AstraZeneca, Pfizer/BioNTech"
12/29/2020,72285,1,0,72284,Canada,https://covid19tracker.ca/vaccinationtracker.html,"Moderna, Oxford/AstraZeneca, Pfizer/BioNTech"
12/30/2020,85673,1,0,85672,Canada,https://covid19tracker.ca/vaccinationtracker.html,"Moderna, Oxford/AstraZeneca, Pfizer/BioNTech"
12/31/2020,98642,1,0,98641,Canada,https://covid19tracker.ca/vaccinationtracker.html,"Moderna, Oxford/AstraZeneca, Pfizer/BioNTech"
1/1/2021,105251,1,0,105250,Canada,https://covid19tracker.ca/vaccinationtracker.html,"Moderna, Oxford/AstraZeneca, Pfizer/BioNTech"
1/2/2021,109919,1,0,109918,Canada,https://covid19tracker.ca/vaccinationtracker.html,"Moderna, Oxford/AstraZeneca, Pfizer/BioNTech"
1/3/2021,115118,1,0,115117,Canada,https://covid19tracker.ca/vaccinationtracker.html,"Moderna, Oxford/AstraZeneca, Pfizer/BioNTech"
1/4/2021,138715,1,0,138714,Canada,https://covid19tracker.ca/vaccinationtracker.html,"Moderna, Oxford/AstraZeneca, Pfizer/BioNTech"
1/5/2021,156519,3,0,156516,Canada,https://covid19tracker.ca/vaccinationtracker.html,"Moderna, Oxford/AstraZeneca, Pfizer/BioNTech"
1/6/2021,184594,442,0,184152,Canada,https://covid19tracker.ca/vaccinationtracker.html,"Moderna, Oxford/AstraZeneca, Pfizer/BioNTech"
1/7/2021,221693,1121,0,220572,Canada,https://covid19tracker.ca/vaccinationtracker.html,"Moderna, Oxford/AstraZeneca, Pfizer/BioNTech"
1/8/2021,263506,2090,0,261416,Canada,https://covid19tracker.ca/vaccinationtracker.html,"Moderna, Oxford/AstraZeneca, Pfizer/BioNTech"
1/9/2021,299689,3035,0,296654,Canada,https://covid19tracker.ca/vaccinationtracker.html,"Moderna, Oxford/AstraZeneca, Pfizer/BioNTech"
1/10/2021,323084,3047,0,320037,Canada,https://covid19tracker.ca/vaccinationtracker.html,"Moderna, Oxford/AstraZeneca, Pfizer/BioNTech"
1/11/2021,361351,3054,0,358297,Canada,https://covid19tracker.ca/vaccinationtracker.html,"Moderna, Oxford/AstraZeneca, Pfizer/BioNTech"
1/12/2021,391300,4309,0,386991,Canada,https://covid19tracker.ca/vaccinationtracker.html,"Moderna, Oxford/AstraZeneca, Pfizer/BioNTech"
1/13/2021,422378,13235,0,409143,Canada,https://covid19tracker.ca/vaccinationtracker.html,"Moderna, Oxford/AstraZeneca, Pfizer/BioNTech"
1/14/2021,463737,15817,0,447920,Canada,https://covid19tracker.ca/vaccinationtracker.html,"Moderna, Oxford/AstraZeneca, Pfizer/BioNTech"
1/15/2021,512751,19347,0,493404,Canada,https://covid19tracker.ca/vaccinationtracker.html,"Moderna, Oxford/AstraZeneca, Pfizer/BioNTech"
1/16/2021,549131,20525,0,528606,Canada,https://covid19tracker.ca/vaccinationtracker.html,"Moderna, Oxford/AstraZeneca, Pfizer/BioNTech"
1/17/2021,576499,21779,0,554720,Canada,https://covid19tracker.ca/vaccinationtracker.html,"Moderna, Oxford/AstraZeneca, Pfizer/BioNTech"
1/18/2021,620797,22520,0,598277,Canada,https://covid19tracker.ca/vaccinationtracker.html,"Moderna, Oxford/AstraZeneca, Pfizer/BioNTech"
1/19/2021,660191,24761,0,635430,Canada,https://covid19tracker.ca/vaccinationtracker.html,"Moderna, Oxford/AstraZeneca, Pfizer/BioNTech"
1/20/2021,703317,37456,0,665861,Canada,https://covid19tracker.ca/vaccinationtracker.html,"Moderna, Oxford/AstraZeneca, Pfizer/BioNTech"
1/21/2021,746078,43689,0,702389,Canada,https://covid19tracker.ca/vaccinationtracker.html,"Moderna, Oxford/AstraZeneca, Pfizer/BioNTech"
1/22/2021,783940,50013,0,733927,Canada,https://covid19tracker.ca/vaccinationtracker.html,"Moderna, Oxford/AstraZeneca, Pfizer/BioNTech"
1/23/2021,811208,54389,0,756819,Canada,https://covid19tracker.ca/vaccinationtracker.html,"Moderna, Oxford/AstraZeneca, Pfizer/BioNTech"
1/24/2021,826559,57038,0,769521,Canada,https://covid19tracker.ca/vaccinationtracker.html,"Moderna, Oxford/AstraZeneca, Pfizer/BioNTech"
1/25/2021,850271,65272,0,784999,Canada,https://covid19tracker.ca/vaccinationtracker.html,"Moderna, Oxford/AstraZeneca, Pfizer/BioNTech"
1/26/2021,879341,73474,0,805867,Canada,https://covid19tracker.ca/vaccinationtracker.html,"Moderna, Oxford/AstraZeneca, Pfizer/BioNTech"
1/27/2021,902330,83015,0,819315,Canada,https://covid19tracker.ca/vaccinationtracker.html,"Moderna, Oxford/AstraZeneca, Pfizer/BioNTech"
1/28/2021,927378,92917,0,834461,Canada,https://covid19tracker.ca/vaccinationtracker.html,"Moderna, Oxford/AstraZeneca, Pfizer/BioNTech"
1/29/2021,949192,102341,0,846851,Canada,https://covid19tracker.ca/vaccinationtracker.html,"Moderna, Oxford/AstraZeneca, Pfizer/BioNTech"
1/30/2021,964711,110839,0,853872,Canada,https://covid19tracker.ca/vaccinationtracker.html,"Moderna, Oxford/AstraZeneca, Pfizer/BioNTech"
1/31/2021,970444,113390,0,857054,Canada,https://covid19tracker.ca/vaccinationtracker.html,"Moderna, Oxford/AstraZeneca, Pfizer/BioNTech"
2/1/2021,988888,117958,0,870930,Canada,https://covid19tracker.ca/vaccinationtracker.html,"Moderna, Oxford/AstraZeneca, Pfizer/BioNTech"
2/2/2021,1000475,122887,0,877588,Canada,https://covid19tracker.ca/vaccinationtracker.html,"Moderna, Oxford/AstraZeneca, Pfizer/BioNTech"
2/3/2021,1014148,132215,0,881933,Canada,https://covid19tracker.ca/vaccinationtracker.html,"Moderna, Oxford/AstraZeneca, Pfizer/BioNTech"
2/4/2021,1033682,144750,0,888932,Canada,https://covid19tracker.ca/vaccinationtracker.html,"Moderna, Oxford/AstraZeneca, Pfizer/BioNTech"
2/5/2021,1057261,158055,0,899206,Canada,https://covid19tracker.ca/vaccinationtracker.html,"Moderna, Oxford/AstraZeneca, Pfizer/BioNTech"
2/6/2021,1078963,171807,0,907156,Canada,https://covid19tracker.ca/vaccinationtracker.html,"Moderna, Oxford/AstraZeneca, Pfizer/BioNTech"
2/7/2021,1092823,179588,0,913235,Canada,https://covid19tracker.ca/vaccinationtracker.html,"Moderna, Oxford/AstraZeneca, Pfizer/BioNTech"
2/8/2021,1114204,190529,0,923675,Canada,https://covid19tracker.ca/vaccinationtracker.html,"Moderna, Oxford/AstraZeneca, Pfizer/BioNTech"
2/9/2021,1140516,207477,0,933039,Canada,https://covid19tracker.ca/vaccinationtracker.html,"Moderna, Oxford/AstraZeneca, Pfizer/BioNTech"
2/10/2021,1170570,227885,0,942685,Canada,https://covid19tracker.ca/vaccinationtracker.html,"Moderna, Oxford/AstraZeneca, Pfizer/BioNTech"
2/11/2021,1203973,248719,3,955251,Canada,https://covid19tracker.ca/vaccinationtracker.html,"Moderna, Oxford/AstraZeneca, Pfizer/BioNTech"
2/12/2021,1241657,272288,5,969364,Canada,https://covid19tracker.ca/vaccinationtracker.html,"Moderna, Oxford/AstraZeneca, Pfizer/BioNTech"
2/13/2021,1275341,293295,5,982041,Canada,https://covid19tracker.ca/vaccinationtracker.html,"Moderna, Oxford/AstraZeneca, Pfizer/BioNTech"
2/14/2021,1292105,307715,5,984385,Canada,https://covid19tracker.ca/vaccinationtracker.html,"Moderna, Oxford/AstraZeneca, Pfizer/BioNTech"
2/15/2021,1302128,316031,5,986092,Canada,https://covid19tracker.ca/vaccinationtracker.html,"Moderna, Oxford/AstraZeneca, Pfizer/BioNTech"
2/16/2021,1328817,334007,5,994805,Canada,https://covid19tracker.ca/vaccinationtracker.html,"Moderna, Oxford/AstraZeneca, Pfizer/BioNTech"
2/17/2021,1349676,349916,5,999755,Canada,https://covid19tracker.ca/vaccinationtracker.html,"Moderna, Oxford/AstraZeneca, Pfizer/BioNTech"
2/18/2021,1377335,369875,5,1007455,Canada,https://covid19tracker.ca/vaccinationtracker.html,"Moderna, Oxford/AstraZeneca, Pfizer/BioNTech"
2/19/2021,1428021,394719,7,1033295,Canada,https://covid19tracker.ca/vaccinationtracker.html,"Moderna, Oxford/AstraZeneca, Pfizer/BioNTech"
2/20/2021,1479005,411809,11,1067185,Canada,https://covid19tracker.ca/vaccinationtracker.html,"Moderna, Oxford/AstraZeneca, Pfizer/BioNTech"
2/21/2021,1520995,424949,12,1096034,Canada,https://covid19tracker.ca/vaccinationtracker.html,"Moderna, Oxford/AstraZeneca, Pfizer/BioNTech"
2/22/2021,1583177,457118,13,1126046,Canada,https://covid19tracker.ca/vaccinationtracker.html,"Moderna, Oxford/AstraZeneca, Pfizer/BioNTech"
2/23/2021,1631870,475592,13,1156265,Canada,https://covid19tracker.ca/vaccinationtracker.html,"Moderna, Oxford/AstraZeneca, Pfizer/BioNTech"
2/24/2021,1678242,490128,13,1188101,Canada,https://covid19tracker.ca/vaccinationtracker.html,"Moderna, Oxford/AstraZeneca, Pfizer/BioNTech"
2/25/2021,1737343,507175,13,1230155,Canada,https://covid19tracker.ca/vaccinationtracker.html,"Moderna, Oxford/AstraZeneca, Pfizer/BioNTech"
2/26/2021,1805961,520549,13,1285399,Canada,https://covid19tracker.ca/vaccinationtracker.html,"Moderna, Oxford/AstraZeneca, Pfizer/BioNTech"
2/27/2021,1867737,528546,13,1339178,Canada,https://covid19tracker.ca/vaccinationtracker.html,"Moderna, Oxford/AstraZeneca, Pfizer/BioNTech"
2/28/2021,1913902,533933,13,1379956,Canada,https://covid19tracker.ca/vaccinationtracker.html,"Moderna, Oxford/AstraZeneca, Pfizer/BioNTech"
3/1/2021,1973542,547283,13,1426246,Canada,https://covid19tracker.ca/vaccinationtracker.html,"Moderna, Oxford/AstraZeneca, Pfizer/BioNTech"
3/2/2021,2048089,557404,13,1490672,Canada,https://covid19tracker.ca/vaccinationtracker.html,"Moderna, Oxford/AstraZeneca, Pfizer/BioNTech"
3/3/2021,2122676,563923,13,1558740,Canada,https://covid19tracker.ca/vaccinationtracker.html,"Moderna, Oxford/AstraZeneca, Pfizer/BioNTech"
3/4/2021,2201875,568687,13,1633175,Canada,https://covid19tracker.ca/vaccinationtracker.html,"Moderna, Oxford/AstraZeneca, Pfizer/BioNTech"
3/5/2021,2287771,571970,13,1715788,Canada,https://covid19tracker.ca/vaccinationtracker.html,"Moderna, Oxford/AstraZeneca, Pfizer/BioNTech"
3/6/2021,2361717,574456,13,1787248,Canada,https://covid19tracker.ca/vaccinationtracker.html,"Moderna, Oxford/AstraZeneca, Pfizer/BioNTech"
3/7/2021,2419385,576096,13,1843276,Canada,https://covid19tracker.ca/vaccinationtracker.html,"Moderna, Oxford/AstraZeneca, Pfizer/BioNTech"
3/8/2021,2505962,586097,13,1919852,Canada,https://covid19tracker.ca/vaccinationtracker.html,"Moderna, Oxford/AstraZeneca, Pfizer/BioNTech"
3/9/2021,2576383,590114,15,1986254,Canada,https://covid19tracker.ca/vaccinationtracker.html,"Moderna, Oxford/AstraZeneca, Pfizer/BioNTech"
3/10/2021,2655252,595355,15,2059882,Canada,https://covid19tracker.ca/vaccinationtracker.html,"Moderna, Oxford/AstraZeneca, Pfizer/BioNTech"
3/11/2021,2754578,600516,15,2154047,Canada,https://covid19tracker.ca/vaccinationtracker.html,"Moderna, Oxford/AstraZeneca, Pfizer/BioNTech"
3/12/2021,2866848,604091,15,2262742,Canada,https://covid19tracker.ca/vaccinationtracker.html,"Moderna, Oxford/AstraZeneca, Pfizer/BioNTech"
3/13/2021,2973229,607231,17,2365981,Canada,https://covid19tracker.ca/vaccinationtracker.html,"Moderna, Oxford/AstraZeneca, Pfizer/BioNTech"
3/14/2021,3066521,609379,17,2457125,Canada,https://covid19tracker.ca/vaccinationtracker.html,"Moderna, Oxford/AstraZeneca, Pfizer/BioNTech"
3/15/2021,3191585,615051,17,2576517,Canada,https://covid19tracker.ca/vaccinationtracker.html,"Moderna, Oxford/AstraZeneca, Pfizer/BioNTech"
3/16/2021,3312543,619317,18,2693208,Canada,https://covid19tracker.ca/vaccinationtracker.html,"Moderna, Oxford/AstraZeneca, Pfizer/BioNTech"
3/17/2021,3452228,624762,19,2827447,Canada,https://covid19tracker.ca/vaccinationtracker.html,"Moderna, Oxford/AstraZeneca, Pfizer/BioNTech"
3/18/2021,3609500,630587,19,2978894,Canada,https://covid19tracker.ca/vaccinationtracker.html,"Moderna, Oxford/AstraZeneca, Pfizer/BioNTech"
3/19/2021,3773947,636894,19,3137034,Canada,https://covid19tracker.ca/vaccinationtracker.html,"Moderna, Oxford/AstraZeneca, Pfizer/BioNTech"
3/20/2021,3907333,641698,20,3265615,Canada,https://covid19tracker.ca/vaccinationtracker.html,"Moderna, Oxford/AstraZeneca, Pfizer/BioNTech"
3/21/2021,3999202,645563,20,3353619,Canada,https://covid19tracker.ca/vaccinationtracker.html,"Moderna, Oxford/AstraZeneca, Pfizer/BioNTech"
3/22/2021,4145526,649215,20,3496291,Canada,https://covid19tracker.ca/vaccinationtracker.html,"Moderna, Oxford/AstraZeneca, Pfizer/BioNTech"
3/23/2021,4269358,653337,21,3616000,Canada,https://covid19tracker.ca/vaccinationtracker.html,"Moderna, Oxford/AstraZeneca, Pfizer/BioNTech"
3/24/2021,4442491,658479,22,3783990,Canada,https://covid19tracker.ca/vaccinationtracker.html,"Moderna, Oxford/AstraZeneca, Pfizer/BioNTech"
3/25/2021,4633598,665347,22,3968229,Canada,https://covid19tracker.ca/vaccinationtracker.html,"Moderna, Oxford/AstraZeneca, Pfizer/BioNTech"
3/26/2021,4851280,673908,22,4177350,Canada,https://covid19tracker.ca/vaccinationtracker.html,"Moderna, Oxford/AstraZeneca, Pfizer/BioNTech"
3/27/2021,5018687,679617,23,4339047,Canada,https://covid19tracker.ca/vaccinationtracker.html,"Moderna, Oxford/AstraZeneca, Pfizer/BioNTech"
3/28/2021,5165739,683807,23,4481909,Canada,https://covid19tracker.ca/vaccinationtracker.html,"Moderna, Oxford/AstraZeneca, Pfizer/BioNTech"
3/29/2021,5353703,689582,23,4664098,Canada,https://covid19tracker.ca/vaccinationtracker.html,"Moderna, Oxford/AstraZeneca, Pfizer/BioNTech"
3/30/2021,5524259,697238,23,4826998,Canada,https://covid19tracker.ca/vaccinationtracker.html,"Moderna, Oxford/AstraZeneca, Pfizer/BioNTech"
3/31/2021,5744513,704292,23,5040198,Canada,https://covid19tracker.ca/vaccinationtracker.html,"Moderna, Oxford/AstraZeneca, Pfizer/BioNTech"
4/1/2021,5951676,714942,24,5236710,Canada,https://covid19tracker.ca/vaccinationtracker.html,"Moderna, Oxford/AstraZeneca, Pfizer/BioNTech"
4/2/2021,6113324,719411,24,5393889,Canada,https://covid19tracker.ca/vaccinationtracker.html,"Moderna, Oxford/AstraZeneca, Pfizer/BioNTech"
4/3/2021,6314839,724089,26,5590724,Canada,https://covid19tracker.ca/vaccinationtracker.html,"Moderna, Oxford/AstraZeneca, Pfizer/BioNTech"
4/4/2021,6429832,724378,27,5705427,Canada,https://covid19tracker.ca/vaccinationtracker.html,"Moderna, Oxford/AstraZeneca, Pfizer/BioNTech"
4/5/2021,6613489,738582,27,5874880,Canada,https://covid19tracker.ca/vaccinationtracker.html,"Moderna, Oxford/AstraZeneca, Pfizer/BioNTech"
4/6/2021,6817943,751555,28,6066360,Canada,https://covid19tracker.ca/vaccinationtracker.html,"Moderna, Oxford/AstraZeneca, Pfizer/BioNTech"
4/7/2021,7050695,769240,28,6281427,Canada,https://covid19tracker.ca/vaccinationtracker.html,"Moderna, Oxford/AstraZeneca, Pfizer/BioNTech"
4/8/2021,7313810,788883,28,6524899,Canada,https://covid19tracker.ca/vaccinationtracker.html,"Moderna, Oxford/AstraZeneca, Pfizer/BioNTech"
4/9/2021,7633070,809505,28,6823537,Canada,https://covid19tracker.ca/vaccinationtracker.html,"Moderna, Oxford/AstraZeneca, Pfizer/BioNTech"
4/10/2021,7880948,826353,28,7054567,Canada,https://covid19tracker.ca/vaccinationtracker.html,"Moderna, Oxford/AstraZeneca, Pfizer/BioNTech"
4/11/2021,8063497,831409,29,7232059,Canada,https://covid19tracker.ca/vaccinationtracker.html,"Moderna, Oxford/AstraZeneca, Pfizer/BioNTech"
4/12/2021,8400334,850670,30,7549634,Canada,https://covid19tracker.ca/vaccinationtracker.html,"Moderna, Oxford/AstraZeneca, Pfizer/BioNTech"
4/13/2021,8671573,865527,31,7806015,Canada,https://covid19tracker.ca/vaccinationtracker.html,"Moderna, Oxford/AstraZeneca, Pfizer/BioNTech"
4/14/2021,8970036,879263,31,8090742,Canada,https://covid19tracker.ca/vaccinationtracker.html,"Moderna, Oxford/AstraZeneca, Pfizer/BioNTech"
4/15/2021,9278466,896165,31,8382270,Canada,https://covid19tracker.ca/vaccinationtracker.html,"Moderna, Oxford/AstraZeneca, Pfizer/BioNTech"
4/16/2021,9600035,903583,33,8696419,Canada,https://covid19tracker.ca/vaccinationtracker.html,"Moderna, Oxford/AstraZeneca, Pfizer/BioNTech"
4/17/2021,9855479,927641,33,8927805,Canada,https://covid19tracker.ca/vaccinationtracker.html,"Moderna, Oxford/AstraZeneca, Pfizer/BioNTech"
4/18/2021,10056228,933298,34,9122896,Canada,https://covid19tracker.ca/vaccinationtracker.html,"Moderna, Oxford/AstraZeneca, Pfizer/BioNTech"
4/19/2021,10319495,953638,36,9365821,Canada,https://covid19tracker.ca/vaccinationtracker.html,"Moderna, Oxford/AstraZeneca, Pfizer/BioNTech"
4/20/2021,10558907,965502,37,9593368,Canada,https://covid19tracker.ca/vaccinationtracker.html,"Moderna, Oxford/AstraZeneca, Pfizer/BioNTech"
4/21/2021,10877409,978928,40,9898441,Canada,https://covid19tracker.ca/vaccinationtracker.html,"Moderna, Oxford/AstraZeneca, Pfizer/BioNTech"
4/22/2021,11242188,996692,42,10245454,Canada,https://covid19tracker.ca/vaccinationtracker.html,"Moderna, Oxford/AstraZeneca, Pfizer/BioNTech"
4/23/2021,11612093,1015821,48,10596224,Canada,https://covid19tracker.ca/vaccinationtracker.html,"Moderna, Oxford/AstraZeneca, Pfizer/BioNTech"
4/24/2021,11901412,1031604,50,10869758,Canada,https://covid19tracker.ca/vaccinationtracker.html,"Moderna, Oxford/AstraZeneca, Pfizer/BioNTech"
4/25/2021,12133776,1041374,51,11092351,Canada,https://covid19tracker.ca/vaccinationtracker.html,"Moderna, Oxford/AstraZeneca, Pfizer/BioNTech"
4/26/2021,12396662,1050374,54,11346234,Canada,https://covid19tracker.ca/vaccinationtracker.html,"Moderna, Oxford/AstraZeneca, Pfizer/BioNTech"
4/27/2021,12656517,1070352,57,11586108,Canada,https://covid19tracker.ca/vaccinationtracker.html,"Moderna, Oxford/AstraZeneca, Pfizer/BioNTech"
4/28/2021,12921655,1085897,61,11835697,Canada,https://covid19tracker.ca/vaccinationtracker.html,"Moderna, Oxford/AstraZeneca, Pfizer/BioNTech"
4/29/2021,13227234,1106658,63,12120513,Canada,https://covid19tracker.ca/vaccinationtracker.html,"Moderna, Oxford/AstraZeneca, Pfizer/BioNTech"
4/30/2021,13516909,1124733,66,12392110,Canada,https://covid19tracker.ca/vaccinationtracker.html,"Moderna, Oxford/AstraZeneca, Pfizer/BioNTech"
5/1/2021,13751099,1143968,72,12607059,Canada,https://covid19tracker.ca/vaccinationtracker.html,"Moderna, Oxford/AstraZeneca, Pfizer/BioNTech"
5/2/2021,13924990,1155217,76,12769697,Canada,https://covid19tracker.ca/vaccinationtracker.html,"Moderna, Oxford/AstraZeneca, Pfizer/BioNTech"
5/3/2021,14152017,1163861,78,12988078,Canada,https://covid19tracker.ca/vaccinationtracker.html,"Moderna, Oxford/AstraZeneca, Pfizer/BioNTech"
5/4/2021,14386201,1183687,84,13202430,Canada,https://covid19tracker.ca/vaccinationtracker.html,"Moderna, Oxford/AstraZeneca, Pfizer/BioNTech"
5/5/2021,14671961,1202117,89,13469755,Canada,https://covid19tracker.ca/vaccinationtracker.html,"Moderna, Oxford/AstraZeneca, Pfizer/BioNTech"
5/6/2021,15030533,1224602,96,13805835,Canada,https://covid19tracker.ca/vaccinationtracker.html,"Moderna, Oxford/AstraZeneca, Pfizer/BioNTech"
5/7/2021,15433970,1249838,104,14184028,Canada,https://covid19tracker.ca/vaccinationtracker.html,"Moderna, Oxford/AstraZeneca, Pfizer/BioNTech"
5/8/2021,15763274,1270055,106,14493113,Canada,https://covid19tracker.ca/vaccinationtracker.html,"Moderna, Oxford/AstraZeneca, Pfizer/BioNTech"
5/9/2021,16036121,1278058,110,14757953,Canada,https://covid19tracker.ca/vaccinationtracker.html,"Moderna, Oxford/AstraZeneca, Pfizer/BioNTech"
5/10/2021,16371292,1296305,111,15074876,Canada,https://covid19tracker.ca/vaccinationtracker.html,"Moderna, Oxford/AstraZeneca, Pfizer/BioNTech"
5/11/2021,16672020,1315555,116,15356349,Canada,https://covid19tracker.ca/vaccinationtracker.html,"Moderna, Oxford/AstraZeneca, Pfizer/BioNTech"
5/12/2021,17021544,1339534,118,15681892,Canada,https://covid19tracker.ca/vaccinationtracker.html,"Moderna, Oxford/AstraZeneca, Pfizer/BioNTech"
5/13/2021,17417634,1368412,122,16049100,Canada,https://covid19tracker.ca/vaccinationtracker.html,"Moderna, Oxford/AstraZeneca, Pfizer/BioNTech"
5/14/2021,17857144,1403430,125,16453589,Canada,https://covid19tracker.ca/vaccinationtracker.html,"Moderna, Oxford/AstraZeneca, Pfizer/BioNTech"
5/15/2021,18222984,1428668,135,16794181,Canada,https://covid19tracker.ca/vaccinationtracker.html,"Moderna, Oxford/AstraZeneca, Pfizer/BioNTech"
5/16/2021,18541034,1443979,135,17096920,Canada,https://covid19tracker.ca/vaccinationtracker.html,"Moderna, Oxford/AstraZeneca, Pfizer/BioNTech"
5/17/2021,18932745,1458519,137,17474089,Canada,https://covid19tracker.ca/vaccinationtracker.html,"Moderna, Oxford/AstraZeneca, Pfizer/BioNTech"
5/18/2021,19217506,1486150,142,17731214,Canada,https://covid19tracker.ca/vaccinationtracker.html,"Moderna, Oxford/AstraZeneca, Pfizer/BioNTech"
5/19/2021,19574466,1521942,147,18052377,Canada,https://covid19tracker.ca/vaccinationtracker.html,"Moderna, Oxford/AstraZeneca, Pfizer/BioNTech"
5/20/2021,19973272,1565502,153,18407617,Canada,https://covid19tracker.ca/vaccinationtracker.html,"Moderna, Oxford/AstraZeneca, Pfizer/BioNTech"
5/21/2021,20463735,1618125,165,18845445,Canada,https://covid19tracker.ca/vaccinationtracker.html,"Moderna, Oxford/AstraZeneca, Pfizer/BioNTech"
5/22/2021,20855100,1667892,170,19187038,Canada,https://covid19tracker.ca/vaccinationtracker.html,"Moderna, Oxford/AstraZeneca, Pfizer/BioNTech"
5/23/2021,21165100,1691727,171,19473202,Canada,https://covid19tracker.ca/vaccinationtracker.html,"Moderna, Oxford/AstraZeneca, Pfizer/BioNTech"
5/24/2021,21521674,1711321,177,19810176,Canada,https://covid19tracker.ca/vaccinationtracker.html,"Moderna, Oxford/AstraZeneca, Pfizer/BioNTech"
5/25/2021,21777348,1734137,180,20043031,Canada,https://covid19tracker.ca/vaccinationtracker.html,"Moderna, Oxford/AstraZeneca, Pfizer/BioNTech"
5/26/2021,22082570,1784417,190,20297963,Canada,https://covid19tracker.ca/vaccinationtracker.html,"Moderna, Oxford/AstraZeneca, Pfizer/BioNTech"
5/27/2021,22491849,1849565,198,20642086,Canada,https://covid19tracker.ca/vaccinationtracker.html,"Moderna, Oxford/AstraZeneca, Pfizer/BioNTech"
5/28/2021,22957510,1920775,210,21036525,Canada,https://covid19tracker.ca/vaccinationtracker.html,"Moderna, Oxford/AstraZeneca, Pfizer/BioNTech"
5/29/2021,23304563,1991020,223,21313320,Canada,https://covid19tracker.ca/vaccinationtracker.html,"Moderna, Oxford/AstraZeneca, Pfizer/BioNTech"
5/30/2021,23622380,2056595,231,21565554,Canada,https://covid19tracker.ca/vaccinationtracker.html,"Moderna, Oxford/AstraZeneca, Pfizer/BioNTech"
5/31/2021,24013048,2122268,237,21890543,Canada,https://covid19tracker.ca/vaccinationtracker.html,"Moderna, Oxford/AstraZeneca, Pfizer/BioNTech"
6/1/2021,24329041,2206633,251,22122157,Canada,https://covid19tracker.ca/vaccinationtracker.html,"Moderna, Oxford/AstraZeneca, Pfizer/BioNTech"
6/2/2021,24674976,2308695,270,22366011,Canada,https://covid19tracker.ca/vaccinationtracker.html,"Moderna, Oxford/AstraZeneca, Pfizer/BioNTech"
6/3/2021,25087580,2448141,287,22639152,Canada,https://covid19tracker.ca/vaccinationtracker.html,"Moderna, Oxford/AstraZeneca, Pfizer/BioNTech"
6/4/2021,25553062,2617831,314,22934917,Canada,https://covid19tracker.ca/vaccinationtracker.html,"Moderna, Oxford/AstraZeneca, Pfizer/BioNTech"
6/5/2021,25931710,2763052,319,23168339,Canada,https://covid19tracker.ca/vaccinationtracker.html,"Moderna, Oxford/AstraZeneca, Pfizer/BioNTech"
6/6/2021,26256068,2890350,333,23365385,Canada,https://covid19tracker.ca/vaccinationtracker.html,"Moderna, Oxford/AstraZeneca, Pfizer/BioNTech"
6/7/2021,26664572,3044579,337,23619656,Canada,https://covid19tracker.ca/vaccinationtracker.html,"Moderna, Oxford/AstraZeneca, Pfizer/BioNTech"
6/8/2021,27018743,3234358,350,23784035,Canada,https://covid19tracker.ca/vaccinationtracker.html,"Moderna, Oxford/AstraZeneca, Pfizer/BioNTech"
6/9/2021,27422573,3473639,362,23948572,Canada,https://covid19tracker.ca/vaccinationtracker.html,"Moderna, Oxford/AstraZeneca, Pfizer/BioNTech"
6/10/2021,27899263,3773667,385,24125211,Canada,https://covid19tracker.ca/vaccinationtracker.html,"Moderna, Oxford/AstraZeneca, Pfizer/BioNTech"
6/11/2021,28400598,4102506,403,24297689,Canada,https://covid19tracker.ca/vaccinationtracker.html,"Moderna, Oxford/AstraZeneca, Pfizer/BioNTech"
6/12/2021,28821802,4394390,432,24426980,Canada,https://covid19tracker.ca/vaccinationtracker.html,"Moderna, Oxford/AstraZeneca, Pfizer/BioNTech"
6/13/2021,29199323,4655841,457,24543025,Canada,https://covid19tracker.ca/vaccinationtracker.html,"Moderna, Oxford/AstraZeneca, Pfizer/BioNTech"
6/14/2021,29646888,4973148,488,24673252,Canada,https://covid19tracker.ca/vaccinationtracker.html,"Moderna, Oxford/AstraZeneca, Pfizer/BioNTech"
6/15/2021,30095923,5304180,520,24791223,Canada,https://covid19tracker.ca/vaccinationtracker.html,"Moderna, Oxford/AstraZeneca, Pfizer/BioNTech"
6/16/2021,30559821,5670070,551,24889200,Canada,https://covid19tracker.ca/vaccinationtracker.html,"Moderna, Oxford/AstraZeneca, Pfizer/BioNTech"
6/17/2021,31066440,6073129,582,24992729,Canada,https://covid19tracker.ca/vaccinationtracker.html,"Moderna, Oxford/AstraZeneca, Pfizer/BioNTech"
6/18/2021,31600396,6510431,614,25089351,Canada,https://covid19tracker.ca/vaccinationtracker.html,"Moderna, Oxford/AstraZeneca, Pfizer/BioNTech"
6/19/2021,32022400,6865213,675,25156512,Canada,https://covid19tracker.ca/vaccinationtracker.html,"Moderna, Oxford/AstraZeneca, Pfizer/BioNTech"
6/20/2021,32372850,7155212,693,25216945,Canada,https://covid19tracker.ca/vaccinationtracker.html,"Moderna, Oxford/AstraZeneca, Pfizer/BioNTech"
6/21/2021,32778630,7480981,709,25296940,Canada,https://covid19tracker.ca/vaccinationtracker.html,"Moderna, Oxford/AstraZeneca, Pfizer/BioNTech"
6/22/2021,33251640,7889306,744,25361590,Canada,https://covid19tracker.ca/vaccinationtracker.html,"Moderna, Oxford/AstraZeneca, Pfizer/BioNTech"
6/23/2021,33766839,8346002,788,25420049,Canada,https://covid19tracker.ca/vaccinationtracker.html,"Moderna, Oxford/AstraZeneca, Pfizer/BioNTech"
6/24/2021,34358345,8869789,858,25487698,Canada,https://covid19tracker.ca/vaccinationtracker.html,"Moderna, Oxford/AstraZeneca, Pfizer/BioNTech"
6/25/2021,34881044,9332355,879,25547810,Canada,https://covid19tracker.ca/vaccinationtracker.html,"Moderna, Oxford/AstraZeneca, Pfizer/BioNTech"
6/26/2021,35324230,9731654,922,25591654,Canada,https://covid19tracker.ca/vaccinationtracker.html,"Moderna, Oxford/AstraZeneca, Pfizer/BioNTech"
6/27/2021,35685936,10051293,962,25633681,Canada,https://covid19tracker.ca/vaccinationtracker.html,"Moderna, Oxford/AstraZeneca, Pfizer/BioNTech"
6/28/2021,36390370,10672592,978,25716800,Canada,https://covid19tracker.ca/vaccinationtracker.html,"Moderna, Oxford/AstraZeneca, Pfizer/BioNTech"
6/29/2021,36967973,11194992,1014,25771967,Canada,https://covid19tracker.ca/vaccinationtracker.html,"Moderna, Oxford/AstraZeneca, Pfizer/BioNTech"
6/30/2021,37576729,11748333,1067,25827329,Canada,https://covid19tracker.ca/vaccinationtracker.html,"Moderna, Oxford/AstraZeneca, Pfizer/BioNTech"
7/1/2021,38011337,12146332,1174,25863831,Canada,https://covid19tracker.ca/vaccinationtracker.html,"Moderna, Oxford/AstraZeneca, Pfizer/BioNTech"
7/2/2021,38610015,12684145,1238,25924632,Canada,https://covid19tracker.ca/vaccinationtracker.html,"Moderna, Oxford/AstraZeneca, Pfizer/BioNTech"
7/3/2021,38968880,13012992,1300,25954588,Canada,https://covid19tracker.ca/vaccinationtracker.html,"Moderna, Oxford/AstraZeneca, Pfizer/BioNTech"
7/4/2021,39290383,13304069,1341,25984973,Canada,https://covid19tracker.ca/vaccinationtracker.html,"Moderna, Oxford/AstraZeneca, Pfizer/BioNTech"
7/5/2021,39892751,13849577,1891,26041283,Canada,https://covid19tracker.ca/vaccinationtracker.html,"Moderna, Oxford/AstraZeneca, Pfizer/BioNTech"
7/6/2021,40378362,14288523,2419,26087420,Canada,https://covid19tracker.ca/vaccinationtracker.html,"Moderna, Oxford/AstraZeneca, Pfizer/BioNTech"
7/7/2021,40883480,14750546,2509,26130425,Canada,https://covid19tracker.ca/vaccinationtracker.html,"Moderna, Oxford/AstraZeneca, Pfizer/BioNTech"
7/8/2021,41505359,15312710,2599,26190050,Canada,https://covid19tracker.ca/vaccinationtracker.html,"Moderna, Oxford/AstraZeneca, Pfizer/BioNTech"
7/9/2021,42052006,15807753,2660,26241593,Canada,https://covid19tracker.ca/vaccinationtracker.html,"Moderna, Oxford/AstraZeneca, Pfizer/BioNTech"
7/10/2021,42417330,16139447,2728,26275155,Canada,https://covid19tracker.ca/vaccinationtracker.html,"Moderna, Oxford/AstraZeneca, Pfizer/BioNTech"
7/11/2021,42704289,16398633,2765,26302891,Canada,https://covid19tracker.ca/vaccinationtracker.html,"Moderna, Oxford/AstraZeneca, Pfizer/BioNTech"
7/12/2021,43208990,16849608,2795,26356587,Canada,https://covid19tracker.ca/vaccinationtracker.html,"Moderna, Oxford/AstraZeneca, Pfizer/BioNTech"
7/13/2021,43624389,17227087,2839,26394463,Canada,https://covid19tracker.ca/vaccinationtracker.html,"Moderna, Oxford/AstraZeneca, Pfizer/BioNTech"
7/14/2021,44051525,17609490,2900,26439135,Canada,https://covid19tracker.ca/vaccinationtracker.html,"Moderna, Oxford/AstraZeneca, Pfizer/BioNTech"
7/15/2021,44488183,18001487,2964,26483732,Canada,https://covid19tracker.ca/vaccinationtracker.html,"Moderna, Oxford/AstraZeneca, Pfizer/BioNTech"
7/16/2021,44921492,18388275,3023,26530194,Canada,https://covid19tracker.ca/vaccinationtracker.html,"Moderna, Oxford/AstraZeneca, Pfizer/BioNTech"
7/17/2021,45223243,18657411,3074,26562758,Canada,https://covid19tracker.ca/vaccinationtracker.html,"Moderna, Oxford/AstraZeneca, Pfizer/BioNTech"
7/18/2021,45449075,18859170,3117,26586788,Canada,https://covid19tracker.ca/vaccinationtracker.html,"Moderna, Oxford/AstraZeneca, Pfizer/BioNTech"
7/19/2021,45875813,19242782,3131,26629900,Canada,https://covid19tracker.ca/vaccinationtracker.html,"Moderna, Oxford/AstraZeneca, Pfizer/BioNTech"
7/20/2021,46212925,19542587,3176,26667162,Canada,https://covid19tracker.ca/vaccinationtracker.html,"Moderna, Oxford/AstraZeneca, Pfizer/BioNTech"
7/21/2021,46598777,19889205,3231,26706341,Canada,https://covid19tracker.ca/vaccinationtracker.html,"Moderna, Oxford/AstraZeneca, Pfizer/BioNTech"
7/22/2021,46980000,20228582,3296,26748122,Canada,https://covid19tracker.ca/vaccinationtracker.html,"Moderna, Oxford/AstraZeneca, Pfizer/BioNTech"
7/23/2021,47336440,20542651,3367,26790422,Canada,https://covid19tracker.ca/vaccinationtracker.html,"Moderna, Oxford/AstraZeneca, Pfizer/BioNTech"
7/24/2021,47584543,20760272,3442,26820829,Canada,https://covid19tracker.ca/vaccinationtracker.html,"Moderna, Oxford/AstraZeneca, Pfizer/BioNTech"
7/25/2021,47782194,20934486,3570,26844138,Canada,https://covid19tracker.ca/vaccinationtracker.html,"Moderna, Oxford/AstraZeneca, Pfizer/BioNTech"
7/26/2021,48172678,21283069,3865,26885744,Canada,https://covid19tracker.ca/vaccinationtracker.html,"Moderna, Oxford/AstraZeneca, Pfizer/BioNTech"
7/27/2021,48450732,21524324,4285,26922123,Canada,https://covid19tracker.ca/vaccinationtracker.html,"Moderna, Oxford/AstraZeneca, Pfizer/BioNTech"
7/28/2021,48726088,21760831,4682,26960575,Canada,https://covid19tracker.ca/vaccinationtracker.html,"Moderna, Oxford/AstraZeneca, Pfizer/BioNTech"
7/29/2021,48995339,21991072,5018,26999249,Canada,https://covid19tracker.ca/vaccinationtracker.html,"Moderna, Oxford/AstraZeneca, Pfizer/BioNTech"
7/30/2021,49256190,22211140,5326,27039724,Canada,https://covid19tracker.ca/vaccinationtracker.html,"Moderna, Oxford/AstraZeneca, Pfizer/BioNTech"
7/31/2021,49421968,22353317,5704,27062947,Canada,https://covid19tracker.ca/vaccinationtracker.html,"Moderna, Oxford/AstraZeneca, Pfizer/BioNTech"
8/1/2021,49555035,22467542,5946,27081547,Canada,https://covid19tracker.ca/vaccinationtracker.html,"Moderna, Oxford/AstraZeneca, Pfizer/BioNTech"
8/2/2021,49647800,22547958,6177,27093665,Canada,https://covid19tracker.ca/vaccinationtracker.html,"Moderna, Oxford/AstraZeneca, Pfizer/BioNTech"
8/3/2021,49956422,22812311,6506,27137605,Canada,https://covid19tracker.ca/vaccinationtracker.html,"Moderna, Oxford/AstraZeneca, Pfizer/BioNTech"
8/4/2021,50123372,22950292,6841,27166239,Canada,https://covid19tracker.ca/vaccinationtracker.html,"Moderna, Oxford/AstraZeneca, Pfizer/BioNTech"
8/5/2021,50312654,23105106,7220,27200328,Canada,https://covid19tracker.ca/vaccinationtracker.html,"Moderna, Oxford/AstraZeneca, Pfizer/BioNTech"
8/6/2021,50487825,23247166,7692,27232967,Canada,https://covid19tracker.ca/vaccinationtracker.html,"Moderna, Oxford/AstraZeneca, Pfizer/BioNTech"
8/7/2021,50612238,23348949,8275,27255014,Canada,https://covid19tracker.ca/vaccinationtracker.html,"Moderna, Oxford/AstraZeneca, Pfizer/BioNTech"
8/8/2021,50709429,23429791,8598,27271040,Canada,https://covid19tracker.ca/vaccinationtracker.html,"Moderna, Oxford/AstraZeneca, Pfizer/BioNTech"
8/9/2021,50902117,23587497,8840,27305780,Canada,https://covid19tracker.ca/vaccinationtracker.html,"Moderna, Oxford/AstraZeneca, Pfizer/BioNTech"
8/10/2021,51038832,23697691,9299,27331842,Canada,https://covid19tracker.ca/vaccinationtracker.html,"Moderna, Oxford/AstraZeneca, Pfizer/BioNTech"
8/11/2021,51176311,23806855,9737,27359719,Canada,https://covid19tracker.ca/vaccinationtracker.html,"Moderna, Oxford/AstraZeneca, Pfizer/BioNTech"
8/12/2021,51328011,23926530,10150,27391331,Canada,https://covid19tracker.ca/vaccinationtracker.html,"Moderna, Oxford/AstraZeneca, Pfizer/BioNTech"
8/13/2021,51475146,24039193,10689,27425264,Canada,https://covid19tracker.ca/vaccinationtracker.html,"Moderna, Oxford/AstraZeneca, Pfizer/BioNTech"
8/14/2021,51588420,24129286,11234,27447900,Canada,https://covid19tracker.ca/vaccinationtracker.html,"Moderna, Oxford/AstraZeneca, Pfizer/BioNTech"
8/15/2021,51683657,24206001,11596,27466060,Canada,https://covid19tracker.ca/vaccinationtracker.html,"Moderna, Oxford/AstraZeneca, Pfizer/BioNTech"
8/16/2021,51854205,24342102,11832,27500271,Canada,https://covid19tracker.ca/vaccinationtracker.html,"Moderna, Oxford/AstraZeneca, Pfizer/BioNTech"
8/17/2021,51991467,24450033,12239,27529195,Canada,https://covid19tracker.ca/vaccinationtracker.html,"Moderna, Oxford/AstraZeneca, Pfizer/BioNTech"
8/18/2021,52115863,24544459,12706,27558698,Canada,https://covid19tracker.ca/vaccinationtracker.html,"Moderna, Oxford/AstraZeneca, Pfizer/BioNTech"
8/19/2021,52252319,24643951,13243,27595125,Canada,https://covid19tracker.ca/vaccinationtracker.html,"Moderna, Oxford/AstraZeneca, Pfizer/BioNTech"
8/20/2021,52378488,24733989,13664,27630835,Canada,https://covid19tracker.ca/vaccinationtracker.html,"Moderna, Oxford/AstraZeneca, Pfizer/BioNTech"
8/21/2021,52476918,24807032,14201,27655685,Canada,https://covid19tracker.ca/vaccinationtracker.html,"Moderna, Oxford/AstraZeneca, Pfizer/BioNTech"
8/22/2021,52551733,24863929,14492,27673312,Canada,https://covid19tracker.ca/vaccinationtracker.html,"Moderna, Oxford/AstraZeneca, Pfizer/BioNTech"
8/23/2021,52678495,24959180,14736,27704579,Canada,https://covid19tracker.ca/vaccinationtracker.html,"Moderna, Oxford/AstraZeneca, Pfizer/BioNTech"
8/24/2021,52794979,25043768,15165,27736046,Canada,https://covid19tracker.ca/vaccinationtracker.html,"Moderna, Oxford/AstraZeneca, Pfizer/BioNTech"
8/25/2021,52899738,25113323,15601,27770814,Canada,https://covid19tracker.ca/vaccinationtracker.html,"Moderna, Oxford/AstraZeneca, Pfizer/BioNTech"
8/26/2021,53021925,25195325,16093,27810507,Canada,https://covid19tracker.ca/vaccinationtracker.html,"Moderna, Oxford/AstraZeneca, Pfizer/BioNTech"
8/27/2021,53136347,25270307,16586,27849454,Canada,https://covid19tracker.ca/vaccinationtracker.html,"Moderna, Oxford/AstraZeneca, Pfizer/BioNTech"
8/28/2021,53213614,25323226,17168,27873220,Canada,https://covid19tracker.ca/vaccinationtracker.html,"Moderna, Oxford/AstraZeneca, Pfizer/BioNTech"
8/29/2021,53277180,25368206,17654,27891320,Canada,https://covid19tracker.ca/vaccinationtracker.html,"Moderna, Oxford/AstraZeneca, Pfizer/BioNTech"
8/30/2021,53407104,25452536,17967,27936601,Canada,https://covid19tracker.ca/vaccinationtracker.html,"Moderna, Oxford/AstraZeneca, Pfizer/BioNTech"
8/31/2021,53489115,25504884,18385,27965846,Canada,https://covid19tracker.ca/vaccinationtracker.html,"Moderna, Oxford/AstraZeneca, Pfizer/BioNTech"
9/1/2021,53586749,25567451,19138,28000160,Canada,https://covid19tracker.ca/vaccinationtracker.html,"Moderna, Oxford/AstraZeneca, Pfizer/BioNTech"
9/2/2021,53680544,25621946,20217,28038381,Canada,https://covid19tracker.ca/vaccinationtracker.html,"Moderna, Oxford/AstraZeneca, Pfizer/BioNTech"
9/3/2021,53789890,25683243,21875,28084772,Canada,https://covid19tracker.ca/vaccinationtracker.html,"Moderna, Oxford/AstraZeneca, Pfizer/BioNTech"
9/4/2021,53867532,25727722,23597,28116213,Canada,https://covid19tracker.ca/vaccinationtracker.html,"Moderna, Oxford/AstraZeneca, Pfizer/BioNTech"
9/5/2021,53926245,25763259,24816,28138170,Canada,https://covid19tracker.ca/vaccinationtracker.html,"Moderna, Oxford/AstraZeneca, Pfizer/BioNTech"
9/6/2021,53961661,25783831,25597,28152233,Canada,https://covid19tracker.ca/vaccinationtracker.html,"Moderna, Oxford/AstraZeneca, Pfizer/BioNTech"
9/7/2021,54074779,25849779,26219,28198781,Canada,https://covid19tracker.ca/vaccinationtracker.html,"Moderna, Oxford/AstraZeneca, Pfizer/BioNTech"
9/8/2021,54159344,25896960,27818,28234566,Canada,https://covid19tracker.ca/vaccinationtracker.html,"Moderna, Oxford/AstraZeneca, Pfizer/BioNTech"
9/9/2021,54256504,25950673,29669,28276162,Canada,https://covid19tracker.ca/vaccinationtracker.html,"Moderna, Oxford/AstraZeneca, Pfizer/BioNTech"
9/10/2021,54354473,26005108,31564,28317801,Canada,https://covid19tracker.ca/vaccinationtracker.html,"Moderna, Oxford/AstraZeneca, Pfizer/BioNTech"
9/11/2021,54423423,26046141,33395,28343887,Canada,https://covid19tracker.ca/vaccinationtracker.html,"Moderna, Oxford/AstraZeneca, Pfizer/BioNTech"
9/12/2021,54477915,26080113,34805,28362997,Canada,https://covid19tracker.ca/vaccinationtracker.html,"Moderna, Oxford/AstraZeneca, Pfizer/BioNTech"
9/13/2021,54584578,26139598,35676,28409304,Canada,https://covid19tracker.ca/vaccinationtracker.html,"Moderna, Oxford/AstraZeneca, Pfizer/BioNTech"
9/14/2021,54657956,26179215,36877,28441864,Canada,https://covid19tracker.ca/vaccinationtracker.html,"Moderna, Oxford/AstraZeneca, Pfizer/BioNTech"
9/15/2021,54742108,26225323,38148,28478637,Canada,https://covid19tracker.ca/vaccinationtracker.html,"Moderna, Oxford/AstraZeneca, Pfizer/BioNTech"
9/16/2021,54837435,26278861,39962,28518612,Canada,https://covid19tracker.ca/vaccinationtracker.html,"Moderna, Oxford/AstraZeneca, Pfizer/BioNTech"
9/17/2021,54995945,26337712,84631,28573602,Canada,https://covid19tracker.ca/vaccinationtracker.html,"Moderna, Oxford/AstraZeneca, Pfizer/BioNTech"
9/18/2021,55061413,26376846,86311,28598256,Canada,https://covid19tracker.ca/vaccinationtracker.html,"Moderna, Oxford/AstraZeneca, Pfizer/BioNTech"
9/19/2021,55114668,26409697,87462,28617509,Canada,https://covid19tracker.ca/vaccinationtracker.html,"Moderna, Oxford/AstraZeneca, Pfizer/BioNTech"
9/20/2021,55259787,26479253,93718,28686816,Canada,https://covid19tracker.ca/vaccinationtracker.html,"Moderna, Oxford/AstraZeneca, Pfizer/BioNTech"
9/21/2021,55358465,26530264,97589,28730612,Canada,https://covid19tracker.ca/vaccinationtracker.html,"Moderna, Oxford/AstraZeneca, Pfizer/BioNTech"
9/22/2021,55458422,26581633,101251,28775538,Canada,https://covid19tracker.ca/vaccinationtracker.html,"Moderna, Oxford/AstraZeneca, Pfizer/BioNTech"
9/23/2021,55572882,26642052,106376,28824454,Canada,https://covid19tracker.ca/vaccinationtracker.html,"Moderna, Oxford/AstraZeneca, Pfizer/BioNTech"
9/24/2021,55738067,26707272,156244,28874551,Canada,https://covid19tracker.ca/vaccinationtracker.html,"Moderna, Oxford/AstraZeneca, Pfizer/BioNTech"
9/25/2021,55809272,26751630,157664,28899978,Canada,https://covid19tracker.ca/vaccinationtracker.html,"Moderna, Oxford/AstraZeneca, Pfizer/BioNTech"
9/26/2021,55875328,26792655,158719,28923954,Canada,https://covid19tracker.ca/vaccinationtracker.html,"Moderna, Oxford/AstraZeneca, Pfizer/BioNTech"
9/27/2021,56001662,26857335,168614,28975713,Canada,https://covid19tracker.ca/vaccinationtracker.html,"Moderna, Oxford/AstraZeneca, Pfizer/BioNTech"
9/28/2021,56079348,26898375,173422,29007551,Canada,https://covid19tracker.ca/vaccinationtracker.html,"Moderna, Oxford/AstraZeneca, Pfizer/BioNTech"
9/29/2021,56177339,26949235,178620,29049484,Canada,https://covid19tracker.ca/vaccinationtracker.html,"Moderna, Oxford/AstraZeneca, Pfizer/BioNTech"
9/30/2021,56272937,27003167,184203,29085567,Canada,https://covid19tracker.ca/vaccinationtracker.html,"Moderna, Oxford/AstraZeneca, Pfizer/BioNTech"
10/1/2021,56370096,27058209,194998,29116889,Canada,https://covid19tracker.ca/vaccinationtracker.html,"Moderna, Oxford/AstraZeneca, Pfizer/BioNTech"
10/2/2021,56426963,27094445,196292,29136226,Canada,https://covid19tracker.ca/vaccinationtracker.html,"Moderna, Oxford/AstraZeneca, Pfizer/BioNTech"
10/3/2021,56474231,27124037,197256,29152938,Canada,https://covid19tracker.ca/vaccinationtracker.html,"Moderna, Oxford/AstraZeneca, Pfizer/BioNTech"
10/4/2021,56584427,27186668,204439,29193320,Canada,https://covid19tracker.ca/vaccinationtracker.html,"Moderna, Oxford/AstraZeneca, Pfizer/BioNTech"
10/5/2021,56662521,27229867,208358,29224296,Canada,https://covid19tracker.ca/vaccinationtracker.html,"Moderna, Oxford/AstraZeneca, Pfizer/BioNTech"
10/6/2021,56794010,27276725,252424,29264861,Canada,https://covid19tracker.ca/vaccinationtracker.html,"Moderna, Oxford/AstraZeneca, Pfizer/BioNTech"
10/7/2021,56879285,27321522,261504,29296259,Canada,https://covid19tracker.ca/vaccinationtracker.html,"Moderna, Oxford/AstraZeneca, Pfizer/BioNTech"
10/8/2021,56978760,27371601,274697,29332462,Canada,https://covid19tracker.ca/vaccinationtracker.html,"Moderna, Oxford/AstraZeneca, Pfizer/BioNTech"
10/9/2021,57037536,27407350,275873,29354313,Canada,https://covid19tracker.ca/vaccinationtracker.html,"Moderna, Oxford/AstraZeneca, Pfizer/BioNTech"
10/10/2021,57085444,27437694,276653,29371097,Canada,https://covid19tracker.ca/vaccinationtracker.html,"Moderna, Oxford/AstraZeneca, Pfizer/BioNTech"
10/11/2021,57111160,27452733,277019,29381408,Canada,https://covid19tracker.ca/vaccinationtracker.html,"Moderna, Oxford/AstraZeneca, Pfizer/BioNTech"
10/12/2021,57232309,27506207,295476,29430626,Canada,https://covid19tracker.ca/vaccinationtracker.html,"Moderna, Oxford/AstraZeneca, Pfizer/BioNTech"
10/13/2021,57322319,27553830,321800,29446689,Canada,https://covid19tracker.ca/vaccinationtracker.html,"Moderna, Oxford/AstraZeneca, Pfizer/BioNTech"
10/14/2021,57421784,27604703,337489,29479592,Canada,https://covid19tracker.ca/vaccinationtracker.html,"Moderna, Oxford/AstraZeneca, Pfizer/BioNTech"
10/15/2021,57524205,27655328,353209,29515668,Canada,https://covid19tracker.ca/vaccinationtracker.html,"Moderna, Oxford/AstraZeneca, Pfizer/BioNTech"
10/16/2021,57573064,27685956,355448,29531660,Canada,https://covid19tracker.ca/vaccinationtracker.html,"Moderna, Oxford/AstraZeneca, Pfizer/BioNTech"
10/17/2021,57616352,27713455,356430,29546467,Canada,https://covid19tracker.ca/vaccinationtracker.html,"Moderna, Oxford/AstraZeneca, Pfizer/BioNTech"
10/18/2021,57735247,27774721,381989,29578537,Canada,https://covid19tracker.ca/vaccinationtracker.html,"Moderna, Oxford/AstraZeneca, Pfizer/BioNTech"
10/19/2021,57814003,27811232,400966,29601805,Canada,https://covid19tracker.ca/vaccinationtracker.html,"Moderna, Oxford/AstraZeneca, Pfizer/BioNTech"
10/20/2021,57896493,27856203,414969,29625321,Canada,https://covid19tracker.ca/vaccinationtracker.html,"Moderna, Oxford/AstraZeneca, Pfizer/BioNTech"
10/21/2021,57983037,27899231,430946,29652860,Canada,https://covid19tracker.ca/vaccinationtracker.html,"Moderna, Oxford/AstraZeneca, Pfizer/BioNTech"
10/22/2021,58076314,27948532,447687,29680095,Canada,https://covid19tracker.ca/vaccinationtracker.html,"Moderna, Oxford/AstraZeneca, Pfizer/BioNTech"
10/23/2021,58122905,27976624,451544,29694737,Canada,https://covid19tracker.ca/vaccinationtracker.html,"Moderna, Oxford/AstraZeneca, Pfizer/BioNTech"
10/24/2021,58161185,28001084,452799,29707302,Canada,https://covid19tracker.ca/vaccinationtracker.html,"Moderna, Oxford/AstraZeneca, Pfizer/BioNTech"
10/25/2021,58271292,28063268,474664,29733360,Canada,https://covid19tracker.ca/vaccinationtracker.html,"Moderna, Oxford/AstraZeneca, Pfizer/BioNTech"
10/26/2021,58354185,28104473,496595,29753117,Canada,https://covid19tracker.ca/vaccinationtracker.html,"Moderna, Oxford/AstraZeneca, Pfizer/BioNTech"
10/27/2021,58428432,28144619,511618,29772195,Canada,https://covid19tracker.ca/vaccinationtracker.html,"Moderna, Oxford/AstraZeneca, Pfizer/BioNTech"
10/28/2021,58511813,28185778,528738,29797297,Canada,https://covid19tracker.ca/vaccinationtracker.html,"Moderna, Oxford/AstraZeneca, Pfizer/BioNTech"
10/29/2021,58589032,28225947,539126,29823959,Canada,https://covid19tracker.ca/vaccinationtracker.html,"Moderna, Oxford/AstraZeneca, Pfizer/BioNTech"
10/30/2021,58629704,28250376,544017,29835311,Canada,https://covid19tracker.ca/vaccinationtracker.html,"Moderna, Oxford/AstraZeneca, Pfizer/BioNTech"
10/31/2021,58663274,28272392,545539,29845343,Canada,https://covid19tracker.ca/vaccinationtracker.html,"Moderna, Oxford/AstraZeneca, Pfizer/BioNTech"
