location,date,vaccine,total_vaccinations
Ukraine,2/24/2021,Oxford/AstraZeneca,159
Ukraine,2/25/2021,Oxford/AstraZeneca,1338
Ukraine,2/26/2021,Oxford/AstraZeneca,3051
Ukraine,2/27/2021,Oxford/AstraZeneca,3141
Ukraine,2/28/2021,Oxford/AstraZeneca,3141
Ukraine,3/1/2021,Oxford/AstraZeneca,4905
Ukraine,3/2/2021,Oxford/AstraZeneca,6888
Ukraine,3/3/2021,Oxford/AstraZeneca,9568
Ukraine,3/4/2021,Oxford/AstraZeneca,12481
Ukraine,3/5/2021,Oxford/AstraZeneca,15758
Ukraine,3/6/2021,Oxford/AstraZeneca,17037
Ukraine,3/7/2021,Oxford/AstraZeneca,17947
Ukraine,3/8/2021,Oxford/AstraZeneca,19118
Ukraine,3/9/2021,Oxford/AstraZeneca,23480
Ukraine,3/10/2021,Oxford/AstraZeneca,29378
Ukraine,3/11/2021,Oxford/AstraZeneca,38237
Ukraine,3/12/2021,Oxford/AstraZeneca,47541
Ukraine,3/13/2021,Oxford/AstraZeneca,51137
Ukraine,3/14/2021,Oxford/AstraZeneca,53155
Ukraine,3/15/2021,Oxford/AstraZeneca,62083
Ukraine,3/16/2021,Oxford/AstraZeneca,71923
Ukraine,3/17/2021,Oxford/AstraZeneca,81755
Ukraine,3/18/2021,Oxford/AstraZeneca,92714
Ukraine,3/19/2021,Oxford/AstraZeneca,104342
Ukraine,3/20/2021,Oxford/AstraZeneca,108310
Ukraine,3/21/2021,Oxford/AstraZeneca,111025
Ukraine,3/22/2021,Oxford/AstraZeneca,121929
Ukraine,3/23/2021,Oxford/AstraZeneca,137026
Ukraine,3/24/2021,Oxford/AstraZeneca,155587
Ukraine,3/25/2021,Oxford/AstraZeneca,174325
Ukraine,3/26/2021,Oxford/AstraZeneca,192264
Ukraine,3/27/2021,Oxford/AstraZeneca,196880
Ukraine,3/28/2021,Oxford/AstraZeneca,198465
Ukraine,3/29/2021,Oxford/AstraZeneca,212898
Ukraine,3/30/2021,Oxford/AstraZeneca,231566
Ukraine,3/31/2021,Oxford/AstraZeneca,248736
Ukraine,4/1/2021,Oxford/AstraZeneca,267833
Ukraine,4/2/2021,Oxford/AstraZeneca,286647
Ukraine,4/3/2021,Oxford/AstraZeneca,290566
Ukraine,4/4/2021,Oxford/AstraZeneca,291824
Ukraine,4/5/2021,Oxford/AstraZeneca,304680
Ukraine,4/6/2021,Oxford/AstraZeneca,320265
Ukraine,4/7/2021,Oxford/AstraZeneca,334578
Ukraine,4/8/2021,Oxford/AstraZeneca,353147
Ukraine,4/9/2021,Oxford/AstraZeneca,373005
Ukraine,4/10/2021,Oxford/AstraZeneca,377053
Ukraine,4/11/2021,Oxford/AstraZeneca,378269
Ukraine,4/12/2021,Oxford/AstraZeneca,388404
Ukraine,4/13/2021,Oxford/AstraZeneca,403551
Ukraine,4/13/2021,Sinovac,5
Ukraine,4/14/2021,Oxford/AstraZeneca,419087
Ukraine,4/14/2021,Sinovac,213
Ukraine,4/15/2021,Oxford/AstraZeneca,431812
Ukraine,4/15/2021,Sinovac,1008
Ukraine,4/16/2021,Oxford/AstraZeneca,443429
Ukraine,4/16/2021,Sinovac,2435
Ukraine,4/17/2021,Oxford/AstraZeneca,445700
Ukraine,4/17/2021,Sinovac,3497
Ukraine,4/18/2021,Oxford/AstraZeneca,446389
Ukraine,4/18/2021,Pfizer/BioNTech,366
Ukraine,4/18/2021,Sinovac,3895
Ukraine,4/19/2021,Oxford/AstraZeneca,451809
Ukraine,4/19/2021,Pfizer/BioNTech,3870
Ukraine,4/19/2021,Sinovac,7115
Ukraine,4/20/2021,Oxford/AstraZeneca,457040
Ukraine,4/20/2021,Pfizer/BioNTech,8718
Ukraine,4/20/2021,Sinovac,12078
Ukraine,4/21/2021,Oxford/AstraZeneca,460895
Ukraine,4/21/2021,Pfizer/BioNTech,13296
Ukraine,4/21/2021,Sinovac,17689
Ukraine,4/22/2021,Oxford/AstraZeneca,464985
Ukraine,4/22/2021,Pfizer/BioNTech,18324
Ukraine,4/22/2021,Sinovac,24740
Ukraine,4/23/2021,Oxford/AstraZeneca,469403
Ukraine,4/23/2021,Pfizer/BioNTech,21780
Ukraine,4/23/2021,Sinovac,31205
Ukraine,4/24/2021,Oxford/AstraZeneca,470473
Ukraine,4/24/2021,Pfizer/BioNTech,23490
Ukraine,4/24/2021,Sinovac,32956
Ukraine,4/25/2021,Oxford/AstraZeneca,470683
Ukraine,4/25/2021,Pfizer/BioNTech,24012
Ukraine,4/25/2021,Sinovac,33338
Ukraine,4/26/2021,Oxford/AstraZeneca,472593
Ukraine,4/26/2021,Pfizer/BioNTech,27600
Ukraine,4/26/2021,Sinovac,38940
Ukraine,4/27/2021,Oxford/AstraZeneca,480033
Ukraine,4/27/2021,Pfizer/BioNTech,32518
Ukraine,4/27/2021,Sinovac,46172
Ukraine,4/28/2021,Oxford/AstraZeneca,540051
Ukraine,4/28/2021,Pfizer/BioNTech,37176
Ukraine,4/28/2021,Sinovac,51965
Ukraine,4/29/2021,Oxford/AstraZeneca,604249
Ukraine,4/29/2021,Pfizer/BioNTech,41032
Ukraine,4/29/2021,Sinovac,57287
Ukraine,4/30/2021,Oxford/AstraZeneca,647816
Ukraine,4/30/2021,Pfizer/BioNTech,44088
Ukraine,4/30/2021,Sinovac,60649
Ukraine,5/1/2021,Oxford/AstraZeneca,649686
Ukraine,5/1/2021,Pfizer/BioNTech,44322
Ukraine,5/1/2021,Sinovac,61206
Ukraine,5/2/2021,Oxford/AstraZeneca,649816
Ukraine,5/2/2021,Pfizer/BioNTech,44334
Ukraine,5/2/2021,Sinovac,61241
Ukraine,5/3/2021,Oxford/AstraZeneca,650276
Ukraine,5/3/2021,Pfizer/BioNTech,44436
Ukraine,5/3/2021,Sinovac,61598
Ukraine,5/4/2021,Oxford/AstraZeneca,652876
Ukraine,5/4/2021,Pfizer/BioNTech,44904
Ukraine,5/4/2021,Sinovac,61955
Ukraine,5/5/2021,Oxford/AstraZeneca,672960
Ukraine,5/5/2021,Pfizer/BioNTech,46632
Ukraine,5/5/2021,Sinovac,64637
Ukraine,5/6/2021,Oxford/AstraZeneca,705897
Ukraine,5/6/2021,Pfizer/BioNTech,48774
Ukraine,5/6/2021,Sinovac,67525
Ukraine,5/7/2021,Oxford/AstraZeneca,737291
Ukraine,5/7/2021,Pfizer/BioNTech,51078
Ukraine,5/7/2021,Sinovac,69873
Ukraine,5/8/2021,Oxford/AstraZeneca,740925
Ukraine,5/8/2021,Pfizer/BioNTech,51858
Ukraine,5/8/2021,Sinovac,70302
Ukraine,5/9/2021,Oxford/AstraZeneca,741805
Ukraine,5/9/2021,Pfizer/BioNTech,51858
Ukraine,5/9/2021,Sinovac,70426
Ukraine,5/10/2021,Oxford/AstraZeneca,743295
Ukraine,5/10/2021,Pfizer/BioNTech,52326
Ukraine,5/10/2021,Sinovac,70662
Ukraine,5/11/2021,Oxford/AstraZeneca,757095
Ukraine,5/11/2021,Pfizer/BioNTech,54642
Ukraine,5/11/2021,Sinovac,72810
Ukraine,5/12/2021,Oxford/AstraZeneca,772458
Ukraine,5/12/2021,Pfizer/BioNTech,57054
Ukraine,5/12/2021,Sinovac,75421
Ukraine,5/13/2021,Oxford/AstraZeneca,785918
Ukraine,5/13/2021,Pfizer/BioNTech,60756
Ukraine,5/13/2021,Sinovac,79846
Ukraine,5/14/2021,Oxford/AstraZeneca,801056
Ukraine,5/14/2021,Pfizer/BioNTech,65100
Ukraine,5/14/2021,Sinovac,84002
Ukraine,5/15/2021,Oxford/AstraZeneca,803276
Ukraine,5/15/2021,Pfizer/BioNTech,67854
Ukraine,5/15/2021,Sinovac,85192
Ukraine,5/16/2021,Oxford/AstraZeneca,804026
Ukraine,5/16/2021,Pfizer/BioNTech,69006
Ukraine,5/16/2021,Sinovac,85520
Ukraine,5/17/2021,Oxford/AstraZeneca,810750
Ukraine,5/17/2021,Pfizer/BioNTech,74190
Ukraine,5/17/2021,Sinovac,90844
Ukraine,5/18/2021,Oxford/AstraZeneca,818356
Ukraine,5/18/2021,Pfizer/BioNTech,79602
Ukraine,5/18/2021,Sinovac,96914
Ukraine,5/19/2021,Oxford/AstraZeneca,825196
Ukraine,5/19/2021,Pfizer/BioNTech,83706
Ukraine,5/19/2021,Sinovac,103913
Ukraine,5/20/2021,Oxford/AstraZeneca,831816
Ukraine,5/20/2021,Pfizer/BioNTech,88746
Ukraine,5/20/2021,Sinovac,111166
Ukraine,5/21/2021,Oxford/AstraZeneca,838426
Ukraine,5/21/2021,Pfizer/BioNTech,93072
Ukraine,5/21/2021,Sinovac,117813
Ukraine,5/22/2021,Johnson&Johnson,219
Ukraine,5/22/2021,Oxford/AstraZeneca,839366
Ukraine,5/22/2021,Pfizer/BioNTech,94298
Ukraine,5/22/2021,Sinovac,118931
Ukraine,5/23/2021,Johnson&Johnson,219
Ukraine,5/23/2021,Oxford/AstraZeneca,839766
Ukraine,5/23/2021,Pfizer/BioNTech,94818
Ukraine,5/23/2021,Sinovac,119336
Ukraine,5/24/2021,Johnson&Johnson,219
Ukraine,5/24/2021,Oxford/AstraZeneca,843688
Ukraine,5/24/2021,Pfizer/BioNTech,97956
Ukraine,5/24/2021,Sinovac,126332
Ukraine,5/25/2021,Johnson&Johnson,224
Ukraine,5/25/2021,Oxford/AstraZeneca,848268
Ukraine,5/25/2021,Pfizer/BioNTech,100848
Ukraine,5/25/2021,Sinovac,135242
Ukraine,5/26/2021,Johnson&Johnson,224
Ukraine,5/26/2021,Oxford/AstraZeneca,851668
Ukraine,5/26/2021,Pfizer/BioNTech,103998
Ukraine,5/26/2021,Sinovac,143823
Ukraine,5/27/2021,Johnson&Johnson,224
Ukraine,5/27/2021,Oxford/AstraZeneca,854719
Ukraine,5/27/2021,Pfizer/BioNTech,107148
Ukraine,5/27/2021,Sinovac,153915
Ukraine,5/28/2021,Johnson&Johnson,224
Ukraine,5/28/2021,Oxford/AstraZeneca,857699
Ukraine,5/28/2021,Pfizer/BioNTech,109791
Ukraine,5/28/2021,Sinovac,165107
Ukraine,5/29/2021,Johnson&Johnson,224
Ukraine,5/29/2021,Oxford/AstraZeneca,858539
Ukraine,5/29/2021,Pfizer/BioNTech,110234
Ukraine,5/29/2021,Sinovac,172416
Ukraine,5/30/2021,Johnson&Johnson,224
Ukraine,5/30/2021,Oxford/AstraZeneca,858829
Ukraine,5/30/2021,Pfizer/BioNTech,110276
Ukraine,5/30/2021,Sinovac,178252
Ukraine,5/31/2021,Johnson&Johnson,224
Ukraine,5/31/2021,Oxford/AstraZeneca,859989
Ukraine,5/31/2021,Pfizer/BioNTech,112089
Ukraine,5/31/2021,Sinovac,189216
Ukraine,6/1/2021,Johnson&Johnson,224
Ukraine,6/1/2021,Oxford/AstraZeneca,860659
Ukraine,6/1/2021,Pfizer/BioNTech,116031
Ukraine,6/1/2021,Sinovac,203488
Ukraine,6/2/2021,Johnson&Johnson,224
Ukraine,6/2/2021,Oxford/AstraZeneca,862199
Ukraine,6/2/2021,Pfizer/BioNTech,133047
Ukraine,6/2/2021,Sinovac,219413
Ukraine,6/3/2021,Johnson&Johnson,224
Ukraine,6/3/2021,Oxford/AstraZeneca,862969
Ukraine,6/3/2021,Pfizer/BioNTech,165536
Ukraine,6/3/2021,Sinovac,236994
Ukraine,6/4/2021,Johnson&Johnson,390
Ukraine,6/4/2021,Oxford/AstraZeneca,863629
Ukraine,6/4/2021,Pfizer/BioNTech,200463
Ukraine,6/4/2021,Sinovac,258681
Ukraine,6/5/2021,Johnson&Johnson,390
Ukraine,6/5/2021,Oxford/AstraZeneca,863849
Ukraine,6/5/2021,Pfizer/BioNTech,224606
Ukraine,6/5/2021,Sinovac,274419
Ukraine,6/6/2021,Johnson&Johnson,390
Ukraine,6/6/2021,Oxford/AstraZeneca,863919
Ukraine,6/6/2021,Pfizer/BioNTech,236169
Ukraine,6/6/2021,Sinovac,287646
Ukraine,6/7/2021,Johnson&Johnson,390
Ukraine,6/7/2021,Oxford/AstraZeneca,865399
Ukraine,6/7/2021,Pfizer/BioNTech,261198
Ukraine,6/7/2021,Sinovac,309298
Ukraine,6/8/2021,Johnson&Johnson,390
Ukraine,6/8/2021,Oxford/AstraZeneca,872509
Ukraine,6/8/2021,Pfizer/BioNTech,283853
Ukraine,6/8/2021,Sinovac,332694
Ukraine,6/9/2021,Johnson&Johnson,390
Ukraine,6/9/2021,Oxford/AstraZeneca,889371
Ukraine,6/9/2021,Pfizer/BioNTech,299946
Ukraine,6/9/2021,Sinovac,355312
Ukraine,6/10/2021,Johnson&Johnson,390
Ukraine,6/10/2021,Oxford/AstraZeneca,910909
Ukraine,6/10/2021,Pfizer/BioNTech,313624
Ukraine,6/10/2021,Sinovac,374425
Ukraine,6/11/2021,Johnson&Johnson,390
Ukraine,6/11/2021,Oxford/AstraZeneca,935501
Ukraine,6/11/2021,Pfizer/BioNTech,332036
Ukraine,6/11/2021,Sinovac,393483
Ukraine,6/12/2021,Johnson&Johnson,390
Ukraine,6/12/2021,Oxford/AstraZeneca,941608
Ukraine,6/12/2021,Pfizer/BioNTech,339578
Ukraine,6/12/2021,Sinovac,414704
Ukraine,6/13/2021,Johnson&Johnson,390
Ukraine,6/13/2021,Oxford/AstraZeneca,943358
Ukraine,6/13/2021,Pfizer/BioNTech,341688
Ukraine,6/13/2021,Sinovac,433063
Ukraine,6/14/2021,Johnson&Johnson,390
Ukraine,6/14/2021,Oxford/AstraZeneca,963186
Ukraine,6/14/2021,Pfizer/BioNTech,357746
Ukraine,6/14/2021,Sinovac,447234
Ukraine,6/15/2021,Johnson&Johnson,390
Ukraine,6/15/2021,Oxford/AstraZeneca,988209
Ukraine,6/15/2021,Pfizer/BioNTech,378252
Ukraine,6/15/2021,Sinovac,464296
Ukraine,6/16/2021,Johnson&Johnson,390
Ukraine,6/16/2021,Oxford/AstraZeneca,1011627
Ukraine,6/16/2021,Pfizer/BioNTech,411508
Ukraine,6/16/2021,Sinovac,484160
Ukraine,6/17/2021,Johnson&Johnson,390
Ukraine,6/17/2021,Oxford/AstraZeneca,1031402
Ukraine,6/17/2021,Pfizer/BioNTech,446096
Ukraine,6/17/2021,Sinovac,511510
Ukraine,6/18/2021,Johnson&Johnson,390
Ukraine,6/18/2021,Oxford/AstraZeneca,1047004
Ukraine,6/18/2021,Pfizer/BioNTech,475790
Ukraine,6/18/2021,Sinovac,533315
Ukraine,6/19/2021,Johnson&Johnson,390
Ukraine,6/19/2021,Oxford/AstraZeneca,1050444
Ukraine,6/19/2021,Pfizer/BioNTech,483200
Ukraine,6/19/2021,Sinovac,548068
Ukraine,6/20/2021,Johnson&Johnson,390
Ukraine,6/20/2021,Oxford/AstraZeneca,1051084
Ukraine,6/20/2021,Pfizer/BioNTech,484352
Ukraine,6/20/2021,Sinovac,550666
Ukraine,6/21/2021,Johnson&Johnson,390
Ukraine,6/21/2021,Oxford/AstraZeneca,1052423
Ukraine,6/21/2021,Pfizer/BioNTech,487452
Ukraine,6/21/2021,Sinovac,555193
Ukraine,6/22/2021,Johnson&Johnson,390
Ukraine,6/22/2021,Oxford/AstraZeneca,1075700
Ukraine,6/22/2021,Pfizer/BioNTech,502416
Ukraine,6/22/2021,Sinovac,570738
Ukraine,6/23/2021,Johnson&Johnson,390
Ukraine,6/23/2021,Oxford/AstraZeneca,1099804
Ukraine,6/23/2021,Pfizer/BioNTech,537529
Ukraine,6/23/2021,Sinovac,591446
Ukraine,6/24/2021,Johnson&Johnson,390
Ukraine,6/24/2021,Oxford/AstraZeneca,1121518
Ukraine,6/24/2021,Pfizer/BioNTech,584630
Ukraine,6/24/2021,Sinovac,618807
Ukraine,6/25/2021,Johnson&Johnson,390
Ukraine,6/25/2021,Oxford/AstraZeneca,1141297
Ukraine,6/25/2021,Pfizer/BioNTech,631236
Ukraine,6/25/2021,Sinovac,649552
Ukraine,6/26/2021,Johnson&Johnson,390
Ukraine,6/26/2021,Oxford/AstraZeneca,1143768
Ukraine,6/26/2021,Pfizer/BioNTech,652893
Ukraine,6/26/2021,Sinovac,669084
Ukraine,6/27/2021,Johnson&Johnson,390
Ukraine,6/27/2021,Oxford/AstraZeneca,1144288
Ukraine,6/27/2021,Pfizer/BioNTech,659260
Ukraine,6/27/2021,Sinovac,680828
Ukraine,6/28/2021,Johnson&Johnson,390
Ukraine,6/28/2021,Oxford/AstraZeneca,1145238
Ukraine,6/28/2021,Pfizer/BioNTech,669461
Ukraine,6/28/2021,Sinovac,686742
Ukraine,6/29/2021,Johnson&Johnson,390
Ukraine,6/29/2021,Oxford/AstraZeneca,1164645
Ukraine,6/29/2021,Pfizer/BioNTech,703793
Ukraine,6/29/2021,Sinovac,714640
Ukraine,6/30/2021,Johnson&Johnson,390
Ukraine,6/30/2021,Oxford/AstraZeneca,1183769
Ukraine,6/30/2021,Pfizer/BioNTech,746442
Ukraine,6/30/2021,Sinovac,746053
Ukraine,7/1/2021,Johnson&Johnson,390
Ukraine,7/1/2021,Oxford/AstraZeneca,1203333
Ukraine,7/1/2021,Pfizer/BioNTech,783221
Ukraine,7/1/2021,Sinovac,780669
Ukraine,7/2/2021,Johnson&Johnson,390
Ukraine,7/2/2021,Oxford/AstraZeneca,1219371
Ukraine,7/2/2021,Pfizer/BioNTech,825836
Ukraine,7/2/2021,Sinovac,816563
Ukraine,7/3/2021,Johnson&Johnson,390
Ukraine,7/3/2021,Oxford/AstraZeneca,1221468
Ukraine,7/3/2021,Pfizer/BioNTech,838120
Ukraine,7/3/2021,Sinovac,841039
Ukraine,7/4/2021,Johnson&Johnson,390
Ukraine,7/4/2021,Oxford/AstraZeneca,1222068
Ukraine,7/4/2021,Pfizer/BioNTech,840418
Ukraine,7/4/2021,Sinovac,862504
Ukraine,7/5/2021,Johnson&Johnson,390
Ukraine,7/5/2021,Oxford/AstraZeneca,1235890
Ukraine,7/5/2021,Pfizer/BioNTech,870438
Ukraine,7/5/2021,Sinovac,891896
Ukraine,7/6/2021,Johnson&Johnson,390
Ukraine,7/6/2021,Oxford/AstraZeneca,1252717
Ukraine,7/6/2021,Pfizer/BioNTech,914188
Ukraine,7/6/2021,Sinovac,924873
Ukraine,7/7/2021,Johnson&Johnson,390
Ukraine,7/7/2021,Oxford/AstraZeneca,1266833
Ukraine,7/7/2021,Pfizer/BioNTech,969236
Ukraine,7/7/2021,Sinovac,960389
Ukraine,7/8/2021,Johnson&Johnson,390
Ukraine,7/8/2021,Oxford/AstraZeneca,1280822
Ukraine,7/8/2021,Pfizer/BioNTech,1029164
Ukraine,7/8/2021,Sinovac,995632
Ukraine,7/9/2021,Johnson&Johnson,390
Ukraine,7/9/2021,Oxford/AstraZeneca,1293130
Ukraine,7/9/2021,Pfizer/BioNTech,1095678
Ukraine,7/9/2021,Sinovac,1031470
Ukraine,7/10/2021,Johnson&Johnson,390
Ukraine,7/10/2021,Oxford/AstraZeneca,1294140
Ukraine,7/10/2021,Pfizer/BioNTech,1111448
Ukraine,7/10/2021,Sinovac,1056998
Ukraine,7/11/2021,Johnson&Johnson,390
Ukraine,7/11/2021,Oxford/AstraZeneca,1294390
Ukraine,7/11/2021,Pfizer/BioNTech,1117924
Ukraine,7/11/2021,Sinovac,1076628
Ukraine,7/12/2021,Johnson&Johnson,390
Ukraine,7/12/2021,Oxford/AstraZeneca,1305288
Ukraine,7/12/2021,Pfizer/BioNTech,1164639
Ukraine,7/12/2021,Sinovac,1102192
Ukraine,7/13/2021,Johnson&Johnson,478
Ukraine,7/13/2021,Oxford/AstraZeneca,1316814
Ukraine,7/13/2021,Pfizer/BioNTech,1222539
Ukraine,7/13/2021,Sinovac,1133924
Ukraine,7/14/2021,Johnson&Johnson,478
Ukraine,7/14/2021,Oxford/AstraZeneca,1327651
Ukraine,7/14/2021,Pfizer/BioNTech,1286834
Ukraine,7/14/2021,Sinovac,1167551
Ukraine,7/15/2021,Johnson&Johnson,478
Ukraine,7/15/2021,Oxford/AstraZeneca,1339669
Ukraine,7/15/2021,Pfizer/BioNTech,1351864
Ukraine,7/15/2021,Sinovac,1207879
Ukraine,7/16/2021,Johnson&Johnson,478
Ukraine,7/16/2021,Oxford/AstraZeneca,1350575
Ukraine,7/16/2021,Pfizer/BioNTech,1415915
Ukraine,7/16/2021,Sinovac,1244072
Ukraine,7/17/2021,Johnson&Johnson,478
Ukraine,7/17/2021,Oxford/AstraZeneca,1352135
Ukraine,7/17/2021,Pfizer/BioNTech,1443791
Ukraine,7/17/2021,Sinovac,1265071
Ukraine,7/18/2021,Johnson&Johnson,478
Ukraine,7/18/2021,Oxford/AstraZeneca,1352425
Ukraine,7/18/2021,Pfizer/BioNTech,1467410
Ukraine,7/18/2021,Sinovac,1278335
Ukraine,7/19/2021,Johnson&Johnson,478
Ukraine,7/19/2021,Oxford/AstraZeneca,1362511
Ukraine,7/19/2021,Pfizer/BioNTech,1509177
Ukraine,7/19/2021,Sinovac,1307497
Ukraine,7/20/2021,Johnson&Johnson,478
Ukraine,7/20/2021,Moderna,1620
Ukraine,7/20/2021,Oxford/AstraZeneca,1377495
Ukraine,7/20/2021,Pfizer/BioNTech,1554447
Ukraine,7/20/2021,Sinovac,1345626
Ukraine,7/21/2021,Johnson&Johnson,478
Ukraine,7/21/2021,Moderna,13062
Ukraine,7/21/2021,Oxford/AstraZeneca,1401969
Ukraine,7/21/2021,Pfizer/BioNTech,1599785
Ukraine,7/21/2021,Sinovac,1384462
Ukraine,7/22/2021,Johnson&Johnson,478
Ukraine,7/22/2021,Moderna,39960
Ukraine,7/22/2021,Oxford/AstraZeneca,1432043
Ukraine,7/22/2021,Pfizer/BioNTech,1641800
Ukraine,7/22/2021,Sinovac,1424916
Ukraine,7/23/2021,Johnson&Johnson,478
Ukraine,7/23/2021,Moderna,77752
Ukraine,7/23/2021,Oxford/AstraZeneca,1459287
Ukraine,7/23/2021,Pfizer/BioNTech,1689210
Ukraine,7/23/2021,Sinovac,1465145
Ukraine,7/24/2021,Johnson&Johnson,478
Ukraine,7/24/2021,Moderna,99462
Ukraine,7/24/2021,Oxford/AstraZeneca,1463592
Ukraine,7/24/2021,Pfizer/BioNTech,1715752
Ukraine,7/24/2021,Sinovac,1484159
Ukraine,7/25/2021,Johnson&Johnson,478
Ukraine,7/25/2021,Moderna,116720
Ukraine,7/25/2021,Oxford/AstraZeneca,1464572
Ukraine,7/25/2021,Pfizer/BioNTech,1731433
Ukraine,7/25/2021,Sinovac,1499297
Ukraine,7/26/2021,Johnson&Johnson,478
Ukraine,7/26/2021,Moderna,156971
Ukraine,7/26/2021,Oxford/AstraZeneca,1483311
Ukraine,7/26/2021,Pfizer/BioNTech,1770234
Ukraine,7/26/2021,Sinovac,1527602
Ukraine,7/27/2021,Johnson&Johnson,478
Ukraine,7/27/2021,Moderna,205264
Ukraine,7/27/2021,Oxford/AstraZeneca,1505280
Ukraine,7/27/2021,Pfizer/BioNTech,1810880
Ukraine,7/27/2021,Sinovac,1560022
Ukraine,7/28/2021,Johnson&Johnson,497
Ukraine,7/28/2021,Moderna,255290
Ukraine,7/28/2021,Oxford/AstraZeneca,1528400
Ukraine,7/28/2021,Pfizer/BioNTech,1848966
Ukraine,7/28/2021,Sinovac,1592718
Ukraine,7/29/2021,Johnson&Johnson,497
Ukraine,7/29/2021,Moderna,306758
Ukraine,7/29/2021,Oxford/AstraZeneca,1552611
Ukraine,7/29/2021,Pfizer/BioNTech,1888177
Ukraine,7/29/2021,Sinovac,1628081
Ukraine,7/30/2021,Johnson&Johnson,497
Ukraine,7/30/2021,Moderna,358445
Ukraine,7/30/2021,Oxford/AstraZeneca,1570729
Ukraine,7/30/2021,Pfizer/BioNTech,1935512
Ukraine,7/30/2021,Sinovac,1661021
Ukraine,7/31/2021,Johnson&Johnson,497
Ukraine,7/31/2021,Moderna,384397
Ukraine,7/31/2021,Oxford/AstraZeneca,1576178
Ukraine,7/31/2021,Pfizer/BioNTech,1955134
Ukraine,7/31/2021,Sinovac,1678497
Ukraine,8/1/2021,Johnson&Johnson,497
Ukraine,8/1/2021,Moderna,401037
Ukraine,8/1/2021,Oxford/AstraZeneca,1576830
Ukraine,8/1/2021,Pfizer/BioNTech,1965250
Ukraine,8/1/2021,Sinovac,1689169
Ukraine,8/2/2021,Johnson&Johnson,497
Ukraine,8/2/2021,Moderna,441688
Ukraine,8/2/2021,Oxford/AstraZeneca,1584341
Ukraine,8/2/2021,Pfizer/BioNTech,2014405
Ukraine,8/2/2021,Sinovac,1717013
Ukraine,8/3/2021,Johnson&Johnson,497
Ukraine,8/3/2021,Moderna,494610
Ukraine,8/3/2021,Oxford/AstraZeneca,1593446
Ukraine,8/3/2021,Pfizer/BioNTech,2071495
Ukraine,8/3/2021,Sinovac,1751154
Ukraine,8/4/2021,Johnson&Johnson,497
Ukraine,8/4/2021,Moderna,550215
Ukraine,8/4/2021,Oxford/AstraZeneca,1603004
Ukraine,8/4/2021,Pfizer/BioNTech,2130956
Ukraine,8/4/2021,Sinovac,1785651
Ukraine,8/5/2021,Johnson&Johnson,497
Ukraine,8/5/2021,Moderna,609594
Ukraine,8/5/2021,Oxford/AstraZeneca,1613255
Ukraine,8/5/2021,Pfizer/BioNTech,2192546
Ukraine,8/5/2021,Sinovac,1821814
Ukraine,8/6/2021,Johnson&Johnson,1997
Ukraine,8/6/2021,Moderna,668690
Ukraine,8/6/2021,Oxford/AstraZeneca,1623104
Ukraine,8/6/2021,Pfizer/BioNTech,2257420
Ukraine,8/6/2021,Sinovac,1857097
Ukraine,8/7/2021,Johnson&Johnson,3497
Ukraine,8/7/2021,Moderna,697483
Ukraine,8/7/2021,Oxford/AstraZeneca,1625391
Ukraine,8/7/2021,Pfizer/BioNTech,2286224
Ukraine,8/7/2021,Sinovac,1874678
Ukraine,8/8/2021,Johnson&Johnson,5497
Ukraine,8/8/2021,Moderna,714930
Ukraine,8/8/2021,Oxford/AstraZeneca,1626160
Ukraine,8/8/2021,Pfizer/BioNTech,2305795
Ukraine,8/8/2021,Sinovac,1886336
Ukraine,8/9/2021,Johnson&Johnson,5497
Ukraine,8/9/2021,Moderna,763868
Ukraine,8/9/2021,Oxford/AstraZeneca,1632996
Ukraine,8/9/2021,Pfizer/BioNTech,2358898
Ukraine,8/9/2021,Sinovac,1917467
Ukraine,8/10/2021,Johnson&Johnson,5497
Ukraine,8/10/2021,Moderna,823606
Ukraine,8/10/2021,Oxford/AstraZeneca,1641608
Ukraine,8/10/2021,Pfizer/BioNTech,2418395
Ukraine,8/10/2021,Sinovac,1957293
Ukraine,8/11/2021,Johnson&Johnson,7497
Ukraine,8/11/2021,Moderna,878149
Ukraine,8/11/2021,Oxford/AstraZeneca,1650551
Ukraine,8/11/2021,Pfizer/BioNTech,2475466
Ukraine,8/11/2021,Sinovac,1996785
Ukraine,8/12/2021,Johnson&Johnson,8497
Ukraine,8/12/2021,Moderna,937741
Ukraine,8/12/2021,Oxford/AstraZeneca,1658937
Ukraine,8/12/2021,Pfizer/BioNTech,2527848
Ukraine,8/12/2021,Sinovac,2038735
Ukraine,8/13/2021,Johnson&Johnson,10497
Ukraine,8/13/2021,Moderna,993492
Ukraine,8/13/2021,Oxford/AstraZeneca,1667224
Ukraine,8/13/2021,Pfizer/BioNTech,2581594
Ukraine,8/13/2021,Sinovac,2080743
Ukraine,8/14/2021,Johnson&Johnson,11497
Ukraine,8/14/2021,Moderna,1018316
Ukraine,8/14/2021,Oxford/AstraZeneca,1669542
Ukraine,8/14/2021,Pfizer/BioNTech,2611707
Ukraine,8/14/2021,Sinovac,2098636
Ukraine,8/15/2021,Johnson&Johnson,12997
Ukraine,8/15/2021,Moderna,1037116
Ukraine,8/15/2021,Oxford/AstraZeneca,1670630
Ukraine,8/15/2021,Pfizer/BioNTech,2631231
Ukraine,8/15/2021,Sinovac,2108792
Ukraine,8/16/2021,Johnson&Johnson,13997
Ukraine,8/16/2021,Moderna,1066876
Ukraine,8/16/2021,Oxford/AstraZeneca,1676934
Ukraine,8/16/2021,Pfizer/BioNTech,2676931
Ukraine,8/16/2021,Sinovac,2149665
Ukraine,8/17/2021,Johnson&Johnson,13997
Ukraine,8/17/2021,Moderna,1067220
Ukraine,8/17/2021,Oxford/AstraZeneca,1685060
Ukraine,8/17/2021,Pfizer/BioNTech,2735923
Ukraine,8/17/2021,Sinovac,2200797
Ukraine,8/18/2021,Johnson&Johnson,16297
Ukraine,8/18/2021,Moderna,1069856
Ukraine,8/18/2021,Oxford/AstraZeneca,1694282
Ukraine,8/18/2021,Pfizer/BioNTech,2791843
Ukraine,8/18/2021,Sinovac,2250723
Ukraine,8/19/2021,Johnson&Johnson,16297
Ukraine,8/19/2021,Moderna,1094262
Ukraine,8/19/2021,Oxford/AstraZeneca,1703799
Ukraine,8/19/2021,Pfizer/BioNTech,2842571
Ukraine,8/19/2021,Sinovac,2295099
Ukraine,8/20/2021,Johnson&Johnson,16297
Ukraine,8/20/2021,Moderna,1132477
Ukraine,8/20/2021,Oxford/AstraZeneca,1715615
Ukraine,8/20/2021,Pfizer/BioNTech,2893746
Ukraine,8/20/2021,Sinovac,2341011
Ukraine,8/21/2021,Johnson&Johnson,16297
Ukraine,8/21/2021,Moderna,1152511
Ukraine,8/21/2021,Oxford/AstraZeneca,1719249
Ukraine,8/21/2021,Pfizer/BioNTech,2918803
Ukraine,8/21/2021,Sinovac,2358459
Ukraine,8/22/2021,Johnson&Johnson,16297
Ukraine,8/22/2021,Moderna,1166838
Ukraine,8/22/2021,Oxford/AstraZeneca,1721628
Ukraine,8/22/2021,Pfizer/BioNTech,2936854
Ukraine,8/22/2021,Sinovac,2366417
Ukraine,8/23/2021,Johnson&Johnson,16297
Ukraine,8/23/2021,Moderna,1187626
Ukraine,8/23/2021,Oxford/AstraZeneca,1727893
Ukraine,8/23/2021,Pfizer/BioNTech,2960984
Ukraine,8/23/2021,Sinovac,2386661
Ukraine,8/24/2021,Johnson&Johnson,16961
Ukraine,8/24/2021,Moderna,1194377
Ukraine,8/24/2021,Oxford/AstraZeneca,1729161
Ukraine,8/24/2021,Pfizer/BioNTech,2968744
Ukraine,8/24/2021,Sinovac,2390957
Ukraine,8/25/2021,Johnson&Johnson,16961
Ukraine,8/25/2021,Moderna,1260097
Ukraine,8/25/2021,Oxford/AstraZeneca,1739344
Ukraine,8/25/2021,Pfizer/BioNTech,3015518
Ukraine,8/25/2021,Sinovac,2430690
Ukraine,8/26/2021,Johnson&Johnson,18252
Ukraine,8/26/2021,Moderna,1323980
Ukraine,8/26/2021,Oxford/AstraZeneca,1752037
Ukraine,8/26/2021,Pfizer/BioNTech,3068887
Ukraine,8/26/2021,Sinovac,2472889
Ukraine,8/27/2021,Johnson&Johnson,18252
Ukraine,8/27/2021,Moderna,1380767
Ukraine,8/27/2021,Oxford/AstraZeneca,1766557
Ukraine,8/27/2021,Pfizer/BioNTech,3122175
Ukraine,8/27/2021,Sinovac,2514845
Ukraine,8/28/2021,Johnson&Johnson,18252
Ukraine,8/28/2021,Moderna,1412802
Ukraine,8/28/2021,Oxford/AstraZeneca,1774056
Ukraine,8/28/2021,Pfizer/BioNTech,3150101
Ukraine,8/28/2021,Sinovac,2534952
Ukraine,8/29/2021,Johnson&Johnson,18252
Ukraine,8/29/2021,Moderna,1428491
Ukraine,8/29/2021,Oxford/AstraZeneca,1777291
Ukraine,8/29/2021,Pfizer/BioNTech,3164602
Ukraine,8/29/2021,Sinovac,2543004
Ukraine,8/30/2021,Johnson&Johnson,18252
Ukraine,8/30/2021,Moderna,1480775
Ukraine,8/30/2021,Oxford/AstraZeneca,1791327
Ukraine,8/30/2021,Pfizer/BioNTech,3211322
Ukraine,8/30/2021,Sinovac,2580446
Ukraine,8/31/2021,Johnson&Johnson,18252
Ukraine,8/31/2021,Moderna,1533693
Ukraine,8/31/2021,Oxford/AstraZeneca,1804114
Ukraine,8/31/2021,Pfizer/BioNTech,3261101
Ukraine,8/31/2021,Sinovac,2622011
Ukraine,9/1/2021,Johnson&Johnson,18252
Ukraine,9/1/2021,Moderna,1576727
Ukraine,9/1/2021,Oxford/AstraZeneca,1808614
Ukraine,9/1/2021,Pfizer/BioNTech,3301023
Ukraine,9/1/2021,Sinovac,2653577
Ukraine,9/2/2021,Johnson&Johnson,18252
Ukraine,9/2/2021,Moderna,1633642
Ukraine,9/2/2021,Oxford/AstraZeneca,1814767
Ukraine,9/2/2021,Pfizer/BioNTech,3354853
Ukraine,9/2/2021,Sinovac,2689451
Ukraine,9/3/2021,Johnson&Johnson,18252
Ukraine,9/3/2021,Moderna,1697081
Ukraine,9/3/2021,Oxford/AstraZeneca,1821678
Ukraine,9/3/2021,Pfizer/BioNTech,3412919
Ukraine,9/3/2021,Sinovac,2728524
Ukraine,9/4/2021,Johnson&Johnson,18252
Ukraine,9/4/2021,Moderna,1723846
Ukraine,9/4/2021,Oxford/AstraZeneca,1824694
Ukraine,9/4/2021,Pfizer/BioNTech,3437622
Ukraine,9/4/2021,Sinovac,2743300
Ukraine,9/5/2021,Johnson&Johnson,19252
Ukraine,9/5/2021,Moderna,1740754
Ukraine,9/5/2021,Oxford/AstraZeneca,1826201
Ukraine,9/5/2021,Pfizer/BioNTech,3451907
Ukraine,9/5/2021,Sinovac,2751387
Ukraine,9/6/2021,Johnson&Johnson,19252
Ukraine,9/6/2021,Moderna,1793578
Ukraine,9/6/2021,Oxford/AstraZeneca,1832006
Ukraine,9/6/2021,Pfizer/BioNTech,3496081
Ukraine,9/6/2021,Sinovac,2782506
Ukraine,9/7/2021,Johnson&Johnson,19252
Ukraine,9/7/2021,Moderna,1848353
Ukraine,9/7/2021,Oxford/AstraZeneca,1840055
Ukraine,9/7/2021,Pfizer/BioNTech,3550093
Ukraine,9/7/2021,Sinovac,2815288
Ukraine,9/8/2021,Johnson&Johnson,19252
Ukraine,9/8/2021,Moderna,1902028
Ukraine,9/8/2021,Oxford/AstraZeneca,1850422
Ukraine,9/8/2021,Pfizer/BioNTech,3610042
Ukraine,9/8/2021,Sinovac,2852466
Ukraine,9/9/2021,Johnson&Johnson,19252
Ukraine,9/9/2021,Moderna,1955333
Ukraine,9/9/2021,Oxford/AstraZeneca,1864044
Ukraine,9/9/2021,Pfizer/BioNTech,3674563
Ukraine,9/9/2021,Sinovac,2894633
Ukraine,9/10/2021,Johnson&Johnson,19252
Ukraine,9/10/2021,Moderna,2011351
Ukraine,9/10/2021,Oxford/AstraZeneca,1880650
Ukraine,9/10/2021,Pfizer/BioNTech,3743248
Ukraine,9/10/2021,Sinovac,2936851
Ukraine,9/11/2021,Johnson&Johnson,19252
Ukraine,9/11/2021,Moderna,2034510
Ukraine,9/11/2021,Oxford/AstraZeneca,1886133
Ukraine,9/11/2021,Pfizer/BioNTech,3773133
Ukraine,9/11/2021,Sinovac,2952768
Ukraine,9/12/2021,Johnson&Johnson,20052
Ukraine,9/12/2021,Moderna,2049898
Ukraine,9/12/2021,Oxford/AstraZeneca,1889112
Ukraine,9/12/2021,Pfizer/BioNTech,3791301
Ukraine,9/12/2021,Sinovac,2960581
Ukraine,9/13/2021,Johnson&Johnson,20052
Ukraine,9/13/2021,Moderna,2091726
Ukraine,9/13/2021,Oxford/AstraZeneca,1904030
Ukraine,9/13/2021,Pfizer/BioNTech,3838853
Ukraine,9/13/2021,Sinovac,2991506
Ukraine,9/14/2021,Johnson&Johnson,20052
Ukraine,9/14/2021,Moderna,2130300
Ukraine,9/14/2021,Oxford/AstraZeneca,1921335
Ukraine,9/14/2021,Pfizer/BioNTech,3889652
Ukraine,9/14/2021,Sinovac,3026624
Ukraine,9/15/2021,Johnson&Johnson,20052
Ukraine,9/15/2021,Moderna,2133812
Ukraine,9/15/2021,Oxford/AstraZeneca,1939987
Ukraine,9/15/2021,Pfizer/BioNTech,3949595
Ukraine,9/15/2021,Sinovac,3063303
Ukraine,9/16/2021,Johnson&Johnson,20052
Ukraine,9/16/2021,Moderna,2133932
Ukraine,9/16/2021,Oxford/AstraZeneca,1961254
Ukraine,9/16/2021,Pfizer/BioNTech,4014106
Ukraine,9/16/2021,Sinovac,3100311
Ukraine,9/17/2021,Johnson&Johnson,20052
Ukraine,9/17/2021,Moderna,2133932
Ukraine,9/17/2021,Oxford/AstraZeneca,1985011
Ukraine,9/17/2021,Pfizer/BioNTech,4084547
Ukraine,9/17/2021,Sinovac,3138672
Ukraine,9/18/2021,Johnson&Johnson,20052
Ukraine,9/18/2021,Moderna,2133932
Ukraine,9/18/2021,Oxford/AstraZeneca,1993321
Ukraine,9/18/2021,Pfizer/BioNTech,4119721
Ukraine,9/18/2021,Sinovac,3153793
Ukraine,9/19/2021,Johnson&Johnson,20680
Ukraine,9/19/2021,Moderna,2133932
Ukraine,9/19/2021,Oxford/AstraZeneca,1997827
Ukraine,9/19/2021,Pfizer/BioNTech,4142386
Ukraine,9/19/2021,Sinovac,3162023
Ukraine,9/20/2021,Johnson&Johnson,20680
Ukraine,9/20/2021,Moderna,2133932
Ukraine,9/20/2021,Oxford/AstraZeneca,2018715
Ukraine,9/20/2021,Pfizer/BioNTech,4199140
Ukraine,9/20/2021,Sinovac,3193117
Ukraine,9/21/2021,Johnson&Johnson,20680
Ukraine,9/21/2021,Moderna,2133932
Ukraine,9/21/2021,Oxford/AstraZeneca,2039053
Ukraine,9/21/2021,Pfizer/BioNTech,4262497
Ukraine,9/21/2021,Sinovac,3225427
Ukraine,9/22/2021,Johnson&Johnson,20680
Ukraine,9/22/2021,Moderna,2133932
Ukraine,9/22/2021,Oxford/AstraZeneca,2063094
Ukraine,9/22/2021,Pfizer/BioNTech,4337607
Ukraine,9/22/2021,Sinovac,3271044
Ukraine,9/23/2021,Johnson&Johnson,20680
Ukraine,9/23/2021,Moderna,2133932
Ukraine,9/23/2021,Oxford/AstraZeneca,2090547
Ukraine,9/23/2021,Pfizer/BioNTech,4414731
Ukraine,9/23/2021,Sinovac,3320095
Ukraine,9/24/2021,Johnson&Johnson,20680
Ukraine,9/24/2021,Moderna,2133932
Ukraine,9/24/2021,Oxford/AstraZeneca,2117460
Ukraine,9/24/2021,Pfizer/BioNTech,4499498
Ukraine,9/24/2021,Sinovac,3367419
Ukraine,9/25/2021,Johnson&Johnson,20680
Ukraine,9/25/2021,Moderna,2133932
Ukraine,9/25/2021,Oxford/AstraZeneca,2128467
Ukraine,9/25/2021,Pfizer/BioNTech,4536312
Ukraine,9/25/2021,Sinovac,3383819
Ukraine,9/26/2021,Johnson&Johnson,20680
Ukraine,9/26/2021,Moderna,2133932
Ukraine,9/26/2021,Oxford/AstraZeneca,2134561
Ukraine,9/26/2021,Pfizer/BioNTech,4558226
Ukraine,9/26/2021,Sinovac,3392964
Ukraine,9/27/2021,Johnson&Johnson,20680
Ukraine,9/27/2021,Moderna,2133932
Ukraine,9/27/2021,Oxford/AstraZeneca,2158055
Ukraine,9/27/2021,Pfizer/BioNTech,4618710
Ukraine,9/27/2021,Sinovac,3428364
Ukraine,9/28/2021,Johnson&Johnson,20680
Ukraine,9/28/2021,Moderna,2133932
Ukraine,9/28/2021,Oxford/AstraZeneca,2182428
Ukraine,9/28/2021,Pfizer/BioNTech,4687168
Ukraine,9/28/2021,Sinovac,3467779
Ukraine,9/29/2021,Johnson&Johnson,20680
Ukraine,9/29/2021,Moderna,2133932
Ukraine,9/29/2021,Oxford/AstraZeneca,2203270
Ukraine,9/29/2021,Pfizer/BioNTech,4756597
Ukraine,9/29/2021,Sinovac,3503511
Ukraine,9/30/2021,Johnson&Johnson,20680
Ukraine,9/30/2021,Moderna,2133932
Ukraine,9/30/2021,Oxford/AstraZeneca,2224726
Ukraine,9/30/2021,Pfizer/BioNTech,4828144
Ukraine,9/30/2021,Sinovac,3540041
Ukraine,10/1/2021,Johnson&Johnson,20680
Ukraine,10/1/2021,Moderna,2133932
Ukraine,10/1/2021,Oxford/AstraZeneca,2243794
Ukraine,10/1/2021,Pfizer/BioNTech,4902151
Ukraine,10/1/2021,Sinovac,3575036
Ukraine,10/2/2021,Johnson&Johnson,20680
Ukraine,10/2/2021,Moderna,2133932
Ukraine,10/2/2021,Oxford/AstraZeneca,2252214
Ukraine,10/2/2021,Pfizer/BioNTech,4934011
Ukraine,10/2/2021,Sinovac,3587746
Ukraine,10/3/2021,Johnson&Johnson,20680
Ukraine,10/3/2021,Moderna,2133932
Ukraine,10/3/2021,Oxford/AstraZeneca,2258225
Ukraine,10/3/2021,Pfizer/BioNTech,4954764
Ukraine,10/3/2021,Sinovac,3594906
Ukraine,10/4/2021,Johnson&Johnson,20680
Ukraine,10/4/2021,Moderna,2133932
Ukraine,10/4/2021,Oxford/AstraZeneca,2273681
Ukraine,10/4/2021,Pfizer/BioNTech,5010159
Ukraine,10/4/2021,Sinovac,3624386
Ukraine,10/5/2021,Johnson&Johnson,20680
Ukraine,10/5/2021,Moderna,2133932
Ukraine,10/5/2021,Oxford/AstraZeneca,2293426
Ukraine,10/5/2021,Pfizer/BioNTech,5072902
Ukraine,10/5/2021,Sinovac,3659132
Ukraine,10/6/2021,Johnson&Johnson,20680
Ukraine,10/6/2021,Moderna,2133932
Ukraine,10/6/2021,Oxford/AstraZeneca,2311554
Ukraine,10/6/2021,Pfizer/BioNTech,5140334
Ukraine,10/6/2021,Sinovac,3695870
Ukraine,10/7/2021,Johnson&Johnson,20680
Ukraine,10/7/2021,Moderna,2133932
Ukraine,10/7/2021,Oxford/AstraZeneca,2331364
Ukraine,10/7/2021,Pfizer/BioNTech,5210669
Ukraine,10/7/2021,Sinovac,3733410
Ukraine,10/8/2021,Johnson&Johnson,20680
Ukraine,10/8/2021,Moderna,2133932
Ukraine,10/8/2021,Oxford/AstraZeneca,2354373
Ukraine,10/8/2021,Pfizer/BioNTech,5292775
Ukraine,10/8/2021,Sinovac,3777030
Ukraine,10/9/2021,Johnson&Johnson,20680
Ukraine,10/9/2021,Moderna,2133932
Ukraine,10/9/2021,Oxford/AstraZeneca,2363992
Ukraine,10/9/2021,Pfizer/BioNTech,5331995
Ukraine,10/9/2021,Sinovac,3794244
Ukraine,10/10/2021,Johnson&Johnson,20680
Ukraine,10/10/2021,Moderna,2133932
Ukraine,10/10/2021,Oxford/AstraZeneca,2370759
Ukraine,10/10/2021,Pfizer/BioNTech,5355185
Ukraine,10/10/2021,Sinovac,3803347
Ukraine,10/11/2021,Johnson&Johnson,20680
Ukraine,10/11/2021,Moderna,2133932
Ukraine,10/11/2021,Oxford/AstraZeneca,2393558
Ukraine,10/11/2021,Pfizer/BioNTech,5418438
Ukraine,10/11/2021,Sinovac,3840525
Ukraine,10/12/2021,Johnson&Johnson,20680
Ukraine,10/12/2021,Moderna,2133932
Ukraine,10/12/2021,Oxford/AstraZeneca,2419877
Ukraine,10/12/2021,Pfizer/BioNTech,5499670
Ukraine,10/12/2021,Sinovac,3885677
Ukraine,10/13/2021,Johnson&Johnson,20680
Ukraine,10/13/2021,Moderna,2133932
Ukraine,10/13/2021,Oxford/AstraZeneca,2447663
Ukraine,10/13/2021,Pfizer/BioNTech,5589331
Ukraine,10/13/2021,Sinovac,3932617
Ukraine,10/14/2021,Johnson&Johnson,20680
Ukraine,10/14/2021,Moderna,2133932
Ukraine,10/14/2021,Oxford/AstraZeneca,2453703
Ukraine,10/14/2021,Pfizer/BioNTech,5610328
Ukraine,10/14/2021,Sinovac,3940477
Ukraine,10/15/2021,Johnson&Johnson,20680
Ukraine,10/15/2021,Moderna,2133932
Ukraine,10/15/2021,Oxford/AstraZeneca,2480483
Ukraine,10/15/2021,Pfizer/BioNTech,5693018
Ukraine,10/15/2021,Sinovac,3979445
Ukraine,10/16/2021,Johnson&Johnson,20680
Ukraine,10/16/2021,Moderna,2133932
Ukraine,10/16/2021,Oxford/AstraZeneca,2494003
Ukraine,10/16/2021,Pfizer/BioNTech,5741260
Ukraine,10/16/2021,Sinovac,4000483
Ukraine,10/17/2021,Johnson&Johnson,20680
Ukraine,10/17/2021,Moderna,2133932
Ukraine,10/17/2021,Oxford/AstraZeneca,2502686
Ukraine,10/17/2021,Pfizer/BioNTech,5773863
Ukraine,10/17/2021,Sinovac,4015094
Ukraine,10/18/2021,Johnson&Johnson,20680
Ukraine,10/18/2021,Moderna,2133932
Ukraine,10/18/2021,Oxford/AstraZeneca,2539195
Ukraine,10/18/2021,Pfizer/BioNTech,5870992
Ukraine,10/18/2021,Sinovac,4074525
Ukraine,10/19/2021,Johnson&Johnson,20680
Ukraine,10/19/2021,Moderna,2133932
Ukraine,10/19/2021,Oxford/AstraZeneca,2581885
Ukraine,10/19/2021,Pfizer/BioNTech,5983778
Ukraine,10/19/2021,Sinovac,4145636
Ukraine,10/20/2021,Johnson&Johnson,20680
Ukraine,10/20/2021,Moderna,2133932
Ukraine,10/20/2021,Oxford/AstraZeneca,2628045
Ukraine,10/20/2021,Pfizer/BioNTech,6109797
Ukraine,10/20/2021,Sinovac,4224711
Ukraine,10/21/2021,Johnson&Johnson,20680
Ukraine,10/21/2021,Moderna,2133932
Ukraine,10/21/2021,Oxford/AstraZeneca,2676896
Ukraine,10/21/2021,Pfizer/BioNTech,6243029
Ukraine,10/21/2021,Sinovac,4312294
Ukraine,10/22/2021,Johnson&Johnson,20680
Ukraine,10/22/2021,Moderna,2133932
Ukraine,10/22/2021,Oxford/AstraZeneca,2729100
Ukraine,10/22/2021,Pfizer/BioNTech,6386215
Ukraine,10/22/2021,Sinovac,4406372
Ukraine,10/23/2021,Johnson&Johnson,20680
Ukraine,10/23/2021,Moderna,2133932
Ukraine,10/23/2021,Oxford/AstraZeneca,2758864
Ukraine,10/23/2021,Pfizer/BioNTech,6477996
Ukraine,10/23/2021,Sinovac,4462557
Ukraine,10/24/2021,Johnson&Johnson,20680
Ukraine,10/24/2021,Moderna,2133932
Ukraine,10/24/2021,Oxford/AstraZeneca,2778559
Ukraine,10/24/2021,Pfizer/BioNTech,6531175
Ukraine,10/24/2021,Sinovac,4491014
Ukraine,10/25/2021,Johnson&Johnson,20680
Ukraine,10/25/2021,Moderna,2133932
Ukraine,10/25/2021,Oxford/AstraZeneca,2824088
Ukraine,10/25/2021,Pfizer/BioNTech,6654095
Ukraine,10/25/2021,Sinovac,4577485
Ukraine,10/26/2021,Johnson&Johnson,20680
Ukraine,10/26/2021,Moderna,2133932
Ukraine,10/26/2021,Oxford/AstraZeneca,2878362
Ukraine,10/26/2021,Pfizer/BioNTech,6791062
Ukraine,10/26/2021,Sinovac,4677537
Ukraine,10/27/2021,Johnson&Johnson,20680
Ukraine,10/27/2021,Moderna,2133932
Ukraine,10/27/2021,Oxford/AstraZeneca,2934606
Ukraine,10/27/2021,Pfizer/BioNTech,6925824
Ukraine,10/27/2021,Sinovac,4778516
Ukraine,10/28/2021,Johnson&Johnson,20680
Ukraine,10/28/2021,Moderna,2133932
Ukraine,10/28/2021,Oxford/AstraZeneca,2995512
Ukraine,10/28/2021,Pfizer/BioNTech,7053163
Ukraine,10/28/2021,Sinovac,4879512
Ukraine,10/29/2021,Johnson&Johnson,20680
Ukraine,10/29/2021,Moderna,2133932
Ukraine,10/29/2021,Oxford/AstraZeneca,3053525
Ukraine,10/29/2021,Pfizer/BioNTech,7193288
Ukraine,10/29/2021,Sinovac,4998583
Ukraine,10/30/2021,Johnson&Johnson,20680
Ukraine,10/30/2021,Moderna,2133932
Ukraine,10/30/2021,Oxford/AstraZeneca,3085949
Ukraine,10/30/2021,Pfizer/BioNTech,7272665
Ukraine,10/30/2021,Sinovac,5064547
Ukraine,10/31/2021,Johnson&Johnson,20680
Ukraine,10/31/2021,Moderna,2133932
Ukraine,10/31/2021,Oxford/AstraZeneca,3104675
Ukraine,10/31/2021,Pfizer/BioNTech,7331268
Ukraine,10/31/2021,Sinovac,5105036
